Rk,Name,Age,Tm,Lg,G,PA,AB,R,H,2B,3B,HR,RBI,SB,CS,BB,SO,BA,OBP,SLG,OPS,OPS+,TB,GDP,HBP,SH,SF,IBB,Pos Summary,Name-additional
1,CJ Abrams*,21,TOT,NL,52,163,148,16,33,5,0,2,14,2,2,4,34,.223,.273,.297,.571,66,44,4,7,2,2,0,64/H9D,abramcj01
2,CJ Abrams*,21,SDP,NL,46,139,125,16,29,5,0,2,11,1,2,4,27,.232,.285,.320,.605,76,40,4,6,2,2,0,64/H9D,abramcj01
3,CJ Abrams*,21,WSN,NL,6,24,23,0,4,0,0,0,3,1,0,0,7,.174,.208,.174,.382,13,4,0,1,0,0,0,/6,abramcj01
4,Albert Abreu,26,TOT,AL,1,0,0,0,0,0,0,0,0,0,0,0,0,,,,,,0,0,0,0,0,0,1,abreual01
5,Albert Abreu,26,KCR,AL,1,0,0,0,0,0,0,0,0,0,0,0,0,,,,,,0,0,0,0,0,0,/1,abreual01
6,José Abreu,35,CHW,AL,119,514,454,66,140,29,0,14,58,0,0,51,83,.308,.383,.465,.848,140,211,13,6,0,3,2,*3D,abreujo02
7,Ronald Acuna Jr.,24,ATL,NL,86,387,332,54,90,16,0,10,32,25,9,43,89,.271,.367,.410,.777,115,136,4,9,0,3,2,9D/H8,acunaro01
8,Willy Adames,26,MIL,NL,97,428,388,59,86,17,0,24,69,4,2,36,114,.222,.287,.451,.738,105,175,8,1,0,3,0,*6/DH,adamewi01
9,Riley Adams,26,WSN,NL,27,88,78,8,15,1,0,3,5,0,1,9,26,.192,.284,.321,.605,76,25,1,1,0,0,0,2/H3D,adamsri03
10,Jo Adell,23,LAA,AL,54,181,169,13,38,9,0,4,16,3,2,9,65,.225,.271,.349,.620,75,59,4,2,0,1,0,79/H,adelljo01
11,Ehire Adrianza#,32,TOT,NL,34,100,89,7,16,3,0,0,7,1,0,9,24,.180,.260,.213,.473,40,19,2,1,0,1,0,5/74H6D1,adriaeh01
12,Ehire Adrianza#,32,WSN,NL,31,94,84,5,15,2,0,0,7,1,0,8,22,.179,.255,.202,.458,36,17,2,1,0,1,0,5/7H46D1,adriaeh01
13,Ehire Adrianza#,32,ATL,NL,3,6,5,2,1,1,0,0,0,0,0,1,2,.200,.333,.400,.733,102,2,0,0,0,0,0,/4,adriaeh01
14,Jesus Aguilar,32,MIA,NL,110,444,404,36,95,18,0,15,48,1,0,27,103,.235,.285,.391,.676,89,158,8,3,0,5,1,3D/H5,aguilje01
15,Nick Ahmed,32,ARI,NL,17,54,52,7,12,2,0,3,7,0,1,2,15,.231,.259,.442,.702,94,23,2,0,0,0,0,6/HD,ahmedni01
16,Hanser Alberto,29,LAD,NL,57,123,122,12,30,7,1,2,14,0,1,1,21,.246,.252,.369,.621,69,45,3,0,0,0,0,4H5/D1396,alberha01
17,Ozzie Albies#,25,ATL,NL,62,263,242,34,59,15,0,8,33,3,5,15,46,.244,.289,.405,.694,90,98,0,2,0,4,0,4/H,albieoz01
18,Sergio Alcantara#,25,TOT,NL,69,156,142,19,30,5,1,3,17,0,2,8,36,.211,.253,.324,.577,64,46,3,1,2,3,0,546H/D,alcanse01
19,Sergio Alcantara#,25,ARI,NL,47,118,107,16,26,5,1,3,14,0,0,6,24,.243,.284,.393,.677,90,42,3,1,2,2,0,546/HD,alcanse01
20,Sergio Alcantara#,25,SDP,NL,22,38,35,3,4,0,0,0,3,0,2,2,12,.114,.158,.114,.272,-19,4,0,0,0,1,0,/645HD,alcanse01
21,Jorge Alfaro,29,SDP,NL,69,246,230,25,60,13,0,7,36,1,0,10,87,.261,.297,.409,.705,102,94,3,3,0,3,0,2/DH,alfarjo01
22,Anthony Alford,27,PIT,NL,2,4,4,0,1,0,0,0,0,0,0,0,2,.250,.250,.250,.500,42,1,0,0,0,0,0,/879,alforan01
23,Austin Allen*,28,OAK,AL,5,16,14,1,1,0,0,0,0,0,0,1,9,.071,.188,.071,.259,-19,1,1,1,0,0,0,/2D,allenau01
24,Greg Allen#,29,PIT,NL,24,82,73,10,13,3,0,1,5,6,0,8,23,.178,.268,.260,.529,50,19,2,1,0,0,0,7/89HD,allengr01
25,Nick Allen,23,OAK,AL,61,190,174,18,36,8,0,3,10,1,2,14,37,.207,.270,.305,.574,69,53,3,1,1,0,0,46/H,allenni02
26,Albert Almora,28,CIN,NL,63,231,212,25,48,10,1,5,29,3,2,16,45,.226,.283,.354,.636,71,75,9,1,1,1,0,987/HD,almoral01
27,Pete Alonso,27,NYM,NL,121,518,451,68,122,23,0,30,102,3,1,49,102,.271,.349,.521,.870,144,235,12,10,0,8,13,*3D,alonspe01
28,Jose Altuve,32,HOU,AL,105,453,396,68,110,26,0,20,44,12,1,49,67,.278,.366,.495,.861,144,196,11,7,0,1,1,*4/HD,altuvjo01
29,Jose Alvarado*,27,PHI,NL,1,1,1,0,0,0,0,0,0,0,0,0,1,.000,.000,.000,.000,-100,0,0,0,0,0,0,1,alvarjo03
30,Eddy Alvarez*,32,LAD,NL,14,27,25,1,4,0,0,0,3,1,0,0,9,.160,.154,.160,.314,-13,4,1,0,1,1,0,/59HD76,alvared01
31,Yordan Alvarez*,25,HOU,AL,103,428,356,76,105,16,2,31,77,1,1,62,85,.295,.400,.612,1.012,185,218,9,4,0,6,7,D7/H,alvaryo01
32,Brian Anderson,29,MIA,NL,61,232,204,27,50,12,1,4,14,1,0,25,68,.245,.336,.373,.709,101,76,4,3,0,0,2,59/7H4,anderbr06
33,Tim Anderson,29,CHW,AL,79,351,332,50,100,13,0,6,25,13,0,14,55,.301,.339,.395,.734,108,131,10,5,0,0,1,6,anderti01
34,Tyler Anderson*,32,LAD,NL,2,1,1,0,0,0,0,0,0,0,0,0,1,.000,.000,.000,.000,-100,0,0,0,0,0,0,1/H,anderty01
35,Elvis Andrus,33,TOT,AL,108,394,362,42,85,24,0,8,30,8,4,30,64,.235,.297,.367,.664,94,133,10,2,0,0,0,*6/HD,andruel01
36,Elvis Andrus,33,OAK,AL,106,386,354,41,84,24,0,8,30,7,4,30,62,.237,.301,.373,.673,97,132,10,2,0,0,0,*6/HD,andruel01
37,Elvis Andrus,33,CHW,AL,2,8,8,1,1,0,0,0,0,1,0,0,2,.125,.125,.125,.250,-28,1,0,0,0,0,0,/6,andruel01
38,Miguel Andujar,27,NYY,AL,19,70,67,7,16,2,0,0,5,4,0,2,16,.239,.257,.269,.526,52,18,0,0,0,1,0,7/DH,andujmi01
39,Mark Appel,30,PHI,NL,1,0,0,0,0,0,0,0,0,0,0,0,0,,,,,,0,0,0,0,0,0,/1,appelma01
40,Aristides Aquino,28,CIN,NL,45,140,134,13,24,4,0,4,13,2,1,6,59,.179,.214,.299,.513,37,40,0,0,0,0,0,9/7H8,aquinar01
41,Jonathan Aranda*,24,TBR,AL,7,16,16,1,6,1,0,0,2,0,0,0,3,.375,.375,.438,.813,139,7,0,0,0,0,0,/43DH,arandjo01
42,Jonathan Arauz#,23,TOT,AL,15,41,38,3,5,0,0,1,5,0,0,1,12,.132,.150,.211,.361,1,8,0,0,1,1,0,/546H,arauzjo01
43,Jonathan Arauz#,23,BOS,AL,6,12,10,1,0,0,0,0,1,0,0,0,3,.000,.000,.000,.000,-100,0,0,0,1,1,0,/46H,arauzjo01
44,Jonathan Arauz#,23,BAL,AL,9,29,28,2,5,0,0,1,4,0,0,1,9,.179,.207,.286,.493,39,8,0,0,0,0,0,/54H6,arauzjo01
45,Orlando Arcia,27,ATL,NL,56,196,173,20,42,7,0,7,26,0,0,19,42,.243,.321,.405,.726,100,70,7,2,0,2,0,4/D75H6,arciaor01
46,Nolan Arenado,31,STL,NL,111,471,423,60,126,33,1,25,78,2,3,40,60,.298,.361,.558,.919,162,236,12,4,0,4,3,*5D/H,arenano01
47,Gabriel Arias,22,CLE,AL,6,20,19,2,2,0,0,0,1,0,0,1,8,.105,.150,.105,.255,-24,2,0,0,0,0,0,/546,ariasga01
48,Randy Arozarena,27,TBR,AL,114,478,434,50,110,26,2,16,64,22,10,35,118,.253,.320,.433,.753,119,188,15,8,0,1,2,*7D9/H,arozara01
49,Luis Arraez*,25,MIN,AL,106,447,402,67,134,22,1,7,40,4,3,42,35,.333,.398,.445,.843,145,179,4,2,0,1,2,34DH/5,arraelu01
50,Christian Arroyo,27,BOS,AL,61,204,189,24,55,10,1,5,22,3,1,10,31,.291,.335,.434,.769,113,82,5,3,1,1,0,496/5HD3,arroych01
51,Willians Astudillo,30,MIA,NL,21,55,54,5,13,0,0,1,4,1,0,1,3,.241,.255,.296,.551,55,16,2,0,0,0,0,5/4H31D,astudwi01
52,Jose Azocar,26,SDP,NL,72,143,133,13,31,6,3,0,8,4,5,9,32,.233,.280,.323,.603,75,43,3,0,0,1,0,9H78/D,azocajo01
53,Akil Baddoo*,23,DET,AL,42,127,117,11,22,1,0,1,5,3,3,10,37,.188,.252,.222,.474,40,26,2,0,0,0,0,78/HD,baddoak01
54,Harrison Bader,28,STL,NL,72,264,246,35,63,7,3,5,21,15,2,13,47,.256,.303,.370,.673,94,91,4,4,0,1,0,8/H,baderha01
55,Javier Baez,29,DET,AL,107,439,412,43,92,24,2,11,45,7,1,19,109,.223,.264,.371,.636,82,153,12,5,0,3,0,*6/DH,baezja01
56,Rylan Bannon,26,BAL,AL,4,15,14,0,2,0,0,0,0,0,0,0,5,.143,.200,.143,.343,1,2,0,1,0,0,0,/5D,bannory01
57,Daniel Bard,37,COL,NL,2,0,0,0,0,0,0,0,0,0,0,0,0,,,,,,0,0,0,0,0,0,1,bardda01
58,Joe Barlow,26,TEX,AL,1,0,0,0,0,0,0,0,0,0,0,0,0,,,,,,0,0,0,0,0,0,1,barlojo01
59,Scott Barlow,29,KCR,AL,2,0,0,0,0,0,0,0,0,0,0,0,0,,,,,,0,0,0,0,0,0,1,barlosc01
60,Austin Barnes,32,LAD,NL,44,146,123,21,22,4,0,5,16,2,1,19,25,.179,.301,.333,.635,76,41,5,3,0,1,0,2/DH4,barneau01
61,Tucker Barnhart*,31,DET,AL,74,231,214,10,45,6,0,0,13,0,0,16,63,.210,.268,.238,.507,49,51,5,1,0,0,0,2/51,barnhtu01
62,Luis Barrera*,26,OAK,AL,32,85,77,3,18,5,0,1,7,3,0,6,17,.234,.294,.338,.632,86,26,2,1,0,1,0,79/H8,barrelu01
63,Tres Barrera,27,WSN,NL,13,33,31,2,6,1,0,0,4,0,0,2,11,.194,.242,.226,.468,37,7,1,0,0,0,0,2,barretr01
64,Jose Barrero,24,CIN,NL,15,57,57,4,11,1,0,2,6,1,0,0,29,.193,.193,.316,.509,35,18,1,0,0,0,0,6,garcijo02
65,Joey Bart,25,SFG,NL,69,213,189,26,43,4,0,10,21,2,1,20,81,.228,.315,.407,.722,102,77,2,4,0,0,0,2/HD,bartjo01
66,Anthony Bass,34,TOT,MLB,1,0,0,0,0,0,0,0,0,0,0,0,0,,,,,,0,0,0,0,0,0,1/DH,bassan01
67,Anthony Bass,34,MIA,NL,1,0,0,0,0,0,0,0,0,0,0,0,0,,,,,,0,0,0,0,0,0,1/DH,bassan01
68,Matthew Batten,27,SDP,NL,15,22,19,0,2,1,0,0,1,0,0,2,6,.105,.227,.158,.385,15,3,0,1,0,0,0,/5H4D17,battema01
69,Brett Baty*,22,NYM,NL,5,19,17,2,3,0,0,1,4,0,0,1,3,.176,.263,.353,.616,74,6,0,1,0,0,0,/5,batybr01
70,Félix Bautista,27,BAL,AL,2,0,0,0,0,0,0,0,0,0,0,0,0,,,,,,0,0,0,0,0,0,1,bautife01
71,Matt Beaty*,29,SDP,NL,17,40,37,6,4,1,1,0,1,0,0,2,6,.108,.175,.189,.364,6,7,3,1,0,0,0,/9H3D7,beatyma01
72,Tim Beckham,32,MIN,AL,9,19,19,1,2,0,0,0,1,0,0,0,6,.105,.105,.105,.211,-38,2,2,0,0,0,0,/H3D7,beckhti01
73,David Bednar*,27,PIT,NL,1,0,0,0,0,0,0,0,0,0,0,0,0,,,,,,0,0,0,0,0,0,1,bednada01
74,Seth Beer*,25,ARI,NL,38,126,111,4,21,3,0,1,9,0,0,11,31,.189,.278,.243,.521,50,27,3,3,0,1,1,D/3H,beerse01
75,Josh Bell#,29,TOT,NL,120,509,436,63,121,26,3,15,60,0,1,60,76,.278,.367,.454,.821,137,198,19,5,0,6,4,*3/DH,belljo02
76,Josh Bell#,29,WSN,NL,103,437,375,52,113,24,3,14,57,0,1,49,61,.301,.384,.493,.877,153,185,19,5,0,6,4,*3,belljo02
77,Josh Bell#,29,SDP,NL,17,72,61,11,8,2,0,1,3,0,0,11,15,.131,.264,.213,.477,41,13,0,0,0,0,0,3/DH,belljo02
78,Andrew Bellatti,30,PHI,NL,1,0,0,0,0,0,0,0,0,0,0,0,0,,,,,,0,0,0,0,0,0,1,bellaan01
79,Cody Bellinger*,26,LAD,NL,107,425,390,55,80,21,3,16,50,11,2,29,119,.205,.261,.397,.659,79,155,7,2,0,4,0,*8/H,bellico01
80,Brandon Belt*,34,SFG,NL,78,298,254,25,54,9,1,8,23,1,0,37,81,.213,.326,.350,.676,92,89,9,6,0,1,2,3DH,beltbr01
81,Anthony Bemboom*,32,BAL,AL,22,59,52,4,6,2,0,1,1,0,0,6,17,.115,.207,.212,.418,20,11,1,0,1,0,0,2/H,bemboan01
82,Andrew Benintendi*,27,TOT,AL,115,477,420,48,125,20,3,3,44,7,3,51,71,.298,.372,.381,.753,116,160,7,1,1,4,0,*7/HD,beninan01
83,Andrew Benintendi*,27,KCR,AL,93,390,347,40,111,14,2,3,39,4,2,39,52,.320,.387,.398,.785,124,138,6,1,0,3,0,*7/HD,beninan01
84,Andrew Benintendi*,27,NYY,AL,22,87,73,8,14,6,1,0,5,3,1,12,19,.192,.302,.301,.604,75,22,1,0,1,1,0,7/H,beninan01
85,Will Benson*,24,CLE,AL,12,28,25,6,3,0,0,0,1,0,0,2,9,.120,.214,.120,.334,1,3,1,1,0,0,0,/8H97D,bensowi01
86,Wynton Bernard,31,COL,NL,6,22,22,5,7,1,0,0,2,3,0,0,3,.318,.318,.364,.682,83,8,1,0,0,0,0,/89,bernawy01
87,Jon Berti,32,MIA,NL,66,252,222,32,60,13,2,2,20,30,4,27,55,.270,.353,.374,.727,106,83,4,2,0,1,0,457/H68D,bertijo01
88,Christian Bethancourt,30,TOT,AL,73,238,224,30,53,12,0,6,22,5,1,11,54,.237,.278,.371,.649,89,83,4,2,1,0,0,32HD/1,bethach01
89,Christian Bethancourt,30,OAK,AL,56,182,169,23,42,11,0,4,19,4,1,10,41,.249,.298,.385,.683,99,65,3,2,1,0,0,32HD/1,bethach01
90,Christian Bethancourt,30,TBR,AL,17,56,55,7,11,1,0,2,3,1,0,1,13,.200,.214,.327,.542,57,18,1,0,0,0,0,2/3H,bethach01
91,Mookie Betts,29,LAD,NL,101,466,417,88,115,25,2,27,61,10,1,42,76,.276,.345,.540,.885,140,225,8,4,0,3,0,*9/4H,bettsmo01
92,Bo Bichette,24,TOR,AL,117,511,481,63,123,28,0,17,64,7,7,28,126,.256,.295,.420,.715,102,202,13,0,0,2,0,*6/DH,bichebo01
93,Phil Bickford,26,LAD,NL,2,0,0,0,0,0,0,0,0,0,0,0,0,,,,,,0,0,0,0,0,0,1,bickfph01
94,Cavan Biggio*,27,TOR,AL,65,210,177,28,39,16,1,3,16,2,0,28,58,.220,.335,.373,.708,103,66,2,3,1,1,0,43/H9D7,biggica01
95,Charlie Blackmon*,35,COL,NL,108,469,428,55,113,18,4,16,67,3,1,27,82,.264,.316,.437,.753,100,187,9,7,4,3,3,D9/H,blackch02
96,Dairon Blanco,29,KCR,AL,5,7,7,1,2,0,0,0,2,1,0,0,4,.286,.286,.286,.571,64,2,0,0,0,0,0,/8HD,blancda02
97,Travis Blankenhorn*,25,NYM,NL,1,3,3,0,0,0,0,0,0,0,0,0,1,.000,.000,.000,.000,-100,0,0,0,0,0,0,/D,blanktr01
98,JJ Bleday*,24,MIA,NL,26,101,88,9,17,5,1,3,4,2,0,13,29,.193,.297,.375,.672,89,33,2,0,0,0,0,8/79,bledajj01
99,Richard Bleier*,35,MIA,NL,1,0,0,0,0,0,0,0,0,0,0,0,0,,,,,,0,0,0,0,0,0,1,bleieri01
100,Xander Bogaerts,29,BOS,AL,115,483,427,65,128,31,0,9,49,7,1,43,97,.300,.371,.436,.806,125,186,10,8,0,5,2,*6/DH,bogaexa01
101,Alec Bohm,25,PHI,NL,112,458,426,58,121,19,2,8,50,1,3,22,89,.284,.317,.394,.711,99,168,13,2,0,8,1,*5/DH3,bohmal01
102,Ronald Bolanos,25,KCR,AL,1,0,0,0,0,0,0,0,0,0,0,0,0,,,,,,0,0,0,0,0,0,/1,bolanro01
103,Skye Bolt#,28,OAK,AL,38,106,98,9,20,2,0,4,12,5,0,7,28,.204,.264,.347,.611,78,34,1,1,0,0,0,8/H97,boltsk01
104,David Bote,29,CHC,NL,21,59,54,9,14,3,0,1,3,1,0,3,25,.259,.322,.370,.692,94,20,0,2,0,0,0,4/35DH,boteda01
105,Sean Bouchard,26,COL,NL,3,9,7,1,0,0,0,0,0,0,0,2,2,.000,.222,.000,.222,-32,0,0,0,0,0,0,/7H,bouchse01
106,Bobby Bradley*,26,CLE,AL,8,17,17,1,2,0,0,0,0,0,0,0,9,.118,.118,.118,.235,-31,2,0,0,0,0,0,/3H,bradlbo01
107,Jackie Bradley Jr.*,32,TOT,AL,99,299,280,22,59,20,1,3,31,2,3,17,61,.211,.256,.321,.577,61,90,3,0,2,0,0,*98/H1,bradlja02
108,Jackie Bradley Jr.*,32,BOS,AL,91,290,271,21,57,19,1,3,29,2,3,17,58,.210,.257,.321,.578,61,87,3,0,2,0,0,*98/H1,bradlja02
109,Jackie Bradley Jr.*,32,TOR,AL,8,9,9,1,2,1,0,0,2,0,0,0,3,.222,.222,.333,.556,57,3,0,0,0,0,0,/8,bradlja02
110,Michael Brantley*,35,HOU,AL,64,277,243,28,70,14,1,5,26,1,1,31,30,.288,.370,.416,.785,125,101,1,1,1,1,2,D7,brantmi02
111,Rob Brantly*,32,NYY,AL,1,3,3,0,1,1,0,0,0,0,0,0,0,.333,.333,.667,1.000,179,2,0,0,0,0,0,/2,brantro01
112,Matt Brash,24,SEA,AL,1,0,0,0,0,0,0,0,0,0,0,0,0,,,,,,0,0,0,0,0,0,1,brashma01
113,Alex Bregman,28,HOU,AL,117,497,421,71,111,33,0,18,72,1,1,64,61,.264,.366,.470,.837,138,198,14,7,0,5,1,*5/H,bregmal01
114,Jonah Bride,26,OAK,AL,30,114,102,7,23,3,0,0,4,1,0,10,15,.225,.307,.255,.562,68,26,1,2,0,0,0,54/3D,bridejo01
115,Mike Brosseau,28,MIL,NL,54,131,116,11,31,4,0,5,19,2,0,12,37,.267,.351,.431,.782,120,50,0,3,0,0,0,5H/613D,brossmi01
116,Seth Brown*,29,OAK,AL,110,398,362,37,82,20,2,17,49,8,1,33,97,.227,.294,.434,.728,111,157,6,2,0,1,2,379H/8D,brownse01
117,Justin Bruihl*,25,LAD,NL,1,0,0,0,0,0,0,0,0,0,0,0,0,,,,,,0,0,0,0,0,0,1,bruihju01
118,Vidal Brujan#,24,TBR,AL,46,152,138,11,23,5,0,2,15,4,5,12,36,.167,.230,.246,.477,41,34,2,0,0,2,0,49/6H58D,brujavi01
119,Kris Bryant,30,COL,NL,42,181,160,28,49,12,0,5,14,0,0,17,27,.306,.376,.475,.851,128,76,7,2,0,2,0,7D,bryankr01
120,Aaron Bummer*,28,CHW,AL,1,0,0,0,0,0,0,0,0,0,0,0,0,,,,,,0,0,0,0,0,0,1,bummeaa01
121,Peyton Burdick,25,MIA,NL,15,52,45,2,8,4,0,1,3,0,0,6,21,.178,.288,.333,.622,76,15,1,1,0,0,0,/879,burdipe01
122,Jake Burger,26,CHW,AL,51,183,168,20,42,9,1,8,26,0,0,10,56,.250,.302,.458,.761,113,77,7,3,1,1,1,5/DH4,burgeja01
123,Byron Buxton,28,MIN,AL,91,379,338,61,75,13,3,28,51,5,0,33,115,.222,.303,.527,.830,135,178,0,7,0,1,0,8D/H,buxtoby01
124,Miguel Cabrera,39,DET,AL,97,375,342,23,90,9,0,4,37,1,0,25,90,.263,.315,.325,.639,87,111,7,3,0,5,3,*D/H,cabremi01
125,Oswaldo Cabrera#,23,NYY,AL,4,15,15,0,3,1,0,0,0,0,0,0,6,.200,.200,.267,.467,33,4,0,0,0,0,0,/596,cabreos01
126,Lorenzo Cain,36,MIL,NL,43,156,145,17,26,5,0,1,9,2,2,8,36,.179,.231,.234,.465,32,34,4,2,0,1,0,8/H,cainlo01
127,Kole Calhoun*,34,TEX,AL,97,350,322,35,68,14,1,11,43,2,2,21,105,.211,.269,.363,.632,81,117,4,5,0,2,0,*97HD/8,calhoko01
128,Willie Calhoun*,27,TEX,AL,18,53,44,7,6,3,0,1,2,0,0,8,6,.136,.283,.273,.556,62,12,1,1,0,0,0,D/7H,calhowi01
129,Alex Call,27,TOT,MLB,19,34,29,5,4,0,0,1,2,0,0,5,8,.138,.265,.241,.506,49,7,1,0,0,0,0,/7H98D,callal02
130,Alex Call,27,CLE,AL,12,16,12,2,2,0,0,0,0,0,0,4,4,.167,.375,.167,.542,65,2,0,0,0,0,0,/9H87,callal02
131,Alex Call,27,WSN,NL,7,18,17,3,2,0,0,1,2,0,0,1,4,.118,.167,.294,.461,30,5,1,0,0,0,0,/7HD,callal02
132,Johan Camargo#,28,PHI,NL,52,166,152,8,36,3,0,3,15,0,0,13,37,.237,.297,.316,.613,73,48,1,0,1,0,0,65H/43D,camarjo01
133,Daz Cameron,25,DET,AL,21,70,64,6,14,3,1,1,8,2,0,5,20,.219,.286,.344,.629,82,22,1,1,0,0,0,9/8H,camerda01
134,Luis Campusano,23,SDP,NL,4,13,12,1,1,0,0,0,1,0,0,0,2,.083,.077,.083,.160,-53,1,1,0,0,1,0,/DH,campulu01
135,Jeimer Candelario#,28,DET,AL,97,361,332,36,65,11,2,10,34,0,1,22,87,.196,.258,.331,.589,70,110,8,6,0,1,0,*5/HD,candeje01
136,Mark Canha,33,NYM,NL,102,385,329,51,89,15,0,8,42,2,1,40,71,.271,.371,.389,.760,118,128,3,14,0,2,1,*7H/89D35,canhama01
137,Robinson Canó*,39,TOT,NL,33,104,100,5,15,1,0,1,4,0,0,4,25,.150,.183,.190,.373,7,19,2,0,0,0,0,4/DH,canoro01
138,Robinson Canó*,39,NYM,NL,12,43,41,3,8,0,0,1,3,0,0,2,11,.195,.233,.268,.501,43,11,0,0,0,0,0,/4DH,canoro01
139,Robinson Canó*,39,SDP,NL,12,34,33,1,3,0,0,0,1,0,0,1,10,.091,.118,.091,.209,-38,3,0,0,0,0,0,/4HD,canoro01
140,Robinson Canó*,39,ATL,NL,9,27,26,1,4,1,0,0,0,0,0,1,4,.154,.185,.192,.377,5,5,2,0,0,0,0,/4H,canoro01
141,Conner Capel*,25,STL,NL,9,19,17,1,3,0,0,1,2,0,0,1,2,.176,.211,.353,.563,60,6,0,0,0,1,0,/9D7H,capelco01
142,Vinny Capra,25,TOR,AL,8,7,5,2,1,0,0,0,0,0,0,2,1,.200,.429,.200,.629,89,1,0,0,0,0,0,/HD479,capravi01
143,Victor Caratini#,28,MIL,NL,69,226,191,21,41,7,0,8,24,0,0,26,48,.215,.332,.377,.709,100,72,9,8,0,1,1,2/H3D,caratvi01
144,Dylan Carlson#,23,STL,NL,99,404,361,46,88,24,3,8,37,5,1,33,75,.244,.314,.393,.708,104,142,5,6,0,4,0,*89/HD,carlsdy01
145,Kerry Carpenter*,24,DET,AL,7,28,23,5,6,1,0,2,4,0,0,4,9,.261,.357,.565,.922,163,13,0,0,0,1,0,/D7,carpeke01
146,Matt Carpenter*,36,NYY,AL,47,154,128,28,39,9,0,15,37,0,0,19,35,.305,.412,.727,1.138,219,93,2,5,1,1,1,DH9/375,carpema01
147,Curt Casali,33,TOT,MLB,43,133,114,14,26,3,0,4,14,0,0,16,39,.228,.323,.360,.683,94,41,1,1,0,2,0,2/3D,casalcu01
148,Curt Casali,33,SFG,NL,41,126,108,13,25,3,0,4,14,0,0,15,36,.231,.325,.370,.696,97,40,1,1,0,2,0,2/3D,casalcu01
149,Curt Casali,33,SEA,AL,2,7,6,1,1,0,0,0,0,0,0,1,3,.167,.286,.167,.452,38,1,0,0,0,0,0,/2,casalcu01
150,Nick Castellanos,30,PHI,NL,119,495,463,51,122,25,0,11,56,7,1,27,118,.263,.307,.389,.696,95,180,14,3,0,2,0,*9D/7H,casteni01
151,Diego Castillo,28,SEA,AL,2,0,0,0,0,0,0,0,0,0,0,0,0,,,,,,0,0,0,0,0,0,1,castidi01
152,Diego Castillo,24,PIT,NL,84,257,239,24,48,10,0,10,25,1,1,13,70,.201,.245,.368,.613,70,88,6,2,0,3,1,649H/531,castidi02
153,Harold Castro*,28,DET,AL,88,318,299,32,84,18,2,5,29,0,1,13,58,.281,.311,.405,.716,106,121,3,1,3,2,0,356/HD1748,castrha01
154,Jason Castro*,35,HOU,AL,34,88,78,6,9,2,0,1,3,1,0,8,40,.115,.205,.179,.384,12,14,1,1,0,1,0,2/H,castrja01
155,Rodolfo Castro#,23,PIT,NL,32,120,110,9,26,3,3,3,6,3,3,8,27,.236,.300,.400,.700,95,44,3,2,0,0,0,6/54H,castrro01
156,Willi Castro#,25,DET,AL,85,302,281,36,70,12,2,5,21,7,4,13,62,.249,.291,.359,.651,88,101,4,5,0,3,0,7986/H54D,castrwi01
157,Jake Cave*,29,MIN,AL,11,33,31,3,6,1,1,1,2,0,0,2,8,.194,.242,.387,.630,79,12,1,0,0,0,0,/79H,caveja01
158,Gilberto Celestino,23,MIN,AL,82,211,193,21,50,7,1,2,13,0,1,14,47,.259,.316,.337,.653,90,65,8,2,2,0,0,87H/9,celesgi01
159,Yu Chang,26,TOT,MLB,45,127,114,13,24,3,0,3,12,0,1,8,44,.211,.276,.316,.591,71,36,2,3,0,2,0,4/35H6D1,changyu01
160,Yu Chang,26,TOT,AL,27,78,72,8,17,2,0,2,10,0,0,4,26,.236,.269,.347,.616,80,25,1,0,0,2,0,4/5631H,changyu01
161,Yu Chang,26,CLE,AL,4,10,10,0,0,0,0,0,0,0,0,0,7,.000,.000,.000,.000,-100,0,0,0,0,0,0,/345H,changyu01
162,Yu Chang,26,PIT,NL,18,49,42,5,7,1,0,1,2,0,1,4,18,.167,.286,.262,.548,56,11,1,3,0,0,0,4/3HD,changyu01
163,Yu Chang,26,TBR,AL,23,68,62,8,17,2,0,2,10,0,0,4,19,.274,.309,.403,.712,108,25,1,0,0,2,0,4/651,changyu01
164,Matt Chapman,29,TOR,AL,113,445,395,64,93,19,0,24,61,2,1,40,123,.235,.315,.466,.780,120,184,6,7,0,3,0,*5/H,chapmma01
165,Michael Chavis,26,PIT,NL,102,327,309,29,76,13,2,12,39,1,1,13,94,.246,.278,.417,.696,93,129,2,2,0,3,1,*3H4/5D,chavimi01
166,Robinson Chirinos,38,BAL,AL,55,182,161,8,29,8,0,3,19,1,0,15,56,.180,.265,.286,.551,58,46,3,4,1,1,0,2/H,chiriro01
167,Jazz Chisholm Jr.*,24,MIA,NL,60,241,213,39,54,10,4,14,45,12,5,21,66,.254,.325,.535,.860,138,114,0,3,0,3,0,4/H,chishja01
168,Ji-Man Choi*,31,TBR,AL,87,340,291,28,69,17,0,8,46,0,0,46,101,.237,.338,.378,.716,111,110,3,0,0,3,3,3/DH,choiji01
169,Taylor Clarke,29,KCR,AL,4,0,0,0,0,0,0,0,0,0,0,0,0,,,,,,0,0,0,0,0,0,1,clarkta01
170,Kody Clemens*,26,DET,AL,38,94,86,8,12,3,0,3,9,1,0,6,22,.140,.191,.279,.471,35,24,1,0,0,2,0,35/H74D1,clemeko01
171,Ernie Clement,26,CLE,AL,58,158,143,16,29,3,0,0,6,0,1,11,24,.203,.268,.224,.491,45,32,3,2,1,1,0,54H7/D31,clemeer01
172,Dylan Coleman,25,KCR,AL,3,0,0,0,0,0,0,0,0,0,0,0,0,,,,,,0,0,0,0,0,0,1,colemdy01
173,Zack Collins*,27,TOR,AL,26,79,72,7,14,4,0,4,10,0,0,6,31,.194,.266,.417,.682,92,30,0,1,0,0,0,D2/H3,colliza01
174,Alex Colome,33,COL,NL,1,0,0,0,0,0,0,0,0,0,0,0,0,,,,,,0,0,0,0,0,0,1,colomal01
175,Mark Contreras*,27,MIN,AL,12,26,25,5,3,0,0,2,4,0,0,0,9,.120,.115,.360,.475,31,9,2,0,0,1,0,/897H,contrma01
176,William Contreras,24,ATL,NL,67,260,233,34,61,9,1,16,32,2,0,27,67,.262,.338,.515,.853,132,120,4,0,0,0,1,2D/H7,contrwi02
177,Willson Contreras,30,CHC,NL,101,443,376,61,94,21,2,20,52,4,2,42,93,.250,.359,.476,.835,132,179,11,23,0,2,0,2D/H,contrwi01
178,Garrett Cooper,31,MIA,NL,94,368,323,28,87,24,1,7,42,0,0,32,92,.269,.345,.415,.760,114,134,4,8,0,5,0,3D/H,coopega03
179,Franchy Cordero*,27,BOS,AL,72,244,215,31,47,17,1,4,24,4,1,24,78,.219,.298,.363,.660,84,78,1,1,2,2,0,39/7HD,cordefr02
180,Carlos Correa,27,MIN,AL,94,407,357,50,96,15,0,14,39,0,0,45,84,.269,.351,.429,.780,126,153,14,2,0,3,2,*6/HD,correca01
181,Brandon Crawford*,35,SFG,NL,84,326,288,36,65,13,2,7,39,1,1,28,68,.226,.310,.358,.667,88,103,9,8,0,2,3,*6/H,crawfbr01
182,J.P. Crawford*,27,SEA,AL,109,465,409,50,105,21,2,5,32,3,1,45,55,.257,.336,.355,.691,104,145,7,6,1,4,0,*6,crawfjp01
183,C.J. Cron,32,COL,NL,116,494,451,64,121,26,3,23,80,0,0,32,128,.268,.323,.492,.815,116,222,13,6,0,4,4,*3D/H,croncj01
184,Jake Cronenworth*,28,SDP,NL,120,531,449,72,108,23,3,12,63,2,0,59,101,.241,.345,.385,.730,112,173,1,15,0,5,3,*43/6DH,croneja01
185,Narciso Crook,26,CHC,NL,4,9,8,1,2,1,0,0,2,0,0,0,3,.250,.222,.375,.597,64,3,1,0,0,1,0,/H98,crookna01
186,Nelson Cruz,41,WSN,NL,108,442,391,45,93,16,0,9,59,4,0,44,106,.238,.318,.348,.666,94,136,13,3,0,2,1,*D/H,cruzne02
187,Oneil Cruz*,23,PIT,NL,50,198,184,22,36,6,1,9,29,6,4,13,75,.196,.247,.386,.633,75,71,2,0,0,1,1,6/DH7,cruzon01
188,Charlie Culberson,33,TEX,AL,63,114,105,17,27,6,0,0,9,2,3,5,29,.257,.291,.314,.605,75,33,5,0,4,0,0,5H47D/31,culbech01
189,Travis d'Arnaud,33,ATL,NL,77,309,287,42,75,18,0,12,44,0,0,14,62,.261,.314,.449,.763,108,129,7,8,0,0,0,2/DH,darnatr01
190,Bobby Dalbec,27,BOS,AL,103,315,283,35,59,8,2,11,32,2,0,26,102,.208,.279,.367,.647,79,104,4,3,0,3,0,*35H/4D,dalbebo01
191,Matt Davidson,31,TOT,MLB,13,37,34,3,5,0,0,2,3,0,1,3,13,.147,.216,.324,.540,54,11,0,0,0,0,0,/5DH3,davidma02
192,Matt Davidson,31,ARI,NL,5,13,10,1,1,0,0,1,1,0,0,3,3,.100,.308,.400,.708,99,4,0,0,0,0,0,/5DH,davidma02
193,Matt Davidson,31,OAK,AL,8,24,24,2,4,0,0,1,2,0,1,0,10,.167,.167,.292,.458,32,7,0,0,0,0,0,/53DH,davidma02
194,J.D. Davis,29,TOT,NL,81,253,221,34,55,9,1,8,26,1,1,25,80,.249,.336,.407,.743,111,90,10,5,0,2,1,D5H/37,davisjd01
195,J.D. Davis,29,NYM,NL,66,207,181,26,43,8,1,4,21,1,1,20,66,.238,.324,.359,.683,95,65,9,4,0,2,0,DH5/3,davisjd01
196,J.D. Davis,29,SFG,NL,15,46,40,8,12,1,0,4,5,0,0,5,14,.300,.391,.625,1.016,182,25,1,1,0,0,1,5/HD7,davisjd01
197,Jaylin Davis,27,BOS,AL,12,27,24,4,8,1,0,0,2,0,0,3,11,.333,.407,.375,.782,122,9,0,0,0,0,0,/H897,davisja03
198,Jonathan Davis,30,MIL,NL,32,86,72,9,16,1,0,0,3,7,1,13,24,.222,.341,.236,.577,68,17,1,0,1,0,0,8/H,davisjo05
199,Ronnie Dawson*,27,CIN,NL,1,3,3,0,0,0,0,0,0,0,0,0,2,.000,.000,.000,.000,-100,0,0,0,0,0,0,/D,dawsoro01
200,Yonathan Daza,28,COL,NL,90,307,281,40,84,14,1,1,24,0,3,18,39,.299,.345,.367,.712,92,103,10,4,0,4,0,*87/H,dazayo01
201,Bryan De La Cruz,25,MIA,NL,90,261,244,22,50,10,0,7,21,3,0,14,70,.205,.249,.332,.581,63,81,5,1,0,2,0,*978H/D,delacbr01
202,Enyel De Los Santos,26,CLE,AL,1,0,0,0,0,0,0,0,0,0,0,0,0,,,,,,0,0,0,0,0,0,1,delosen01
203,Paul DeJong,28,STL,NL,43,160,142,15,25,8,0,6,24,3,1,13,51,.176,.256,.359,.615,76,51,2,3,0,2,0,6,dejonpa01
204,Jason Delay,27,PIT,NL,30,82,76,9,19,3,0,1,4,0,2,5,25,.250,.305,.329,.634,79,25,1,1,0,0,0,2,delayja01
205,Travis Demeritte,27,ATL,NL,26,96,89,9,19,2,0,3,6,0,0,6,32,.213,.260,.337,.597,64,30,2,0,0,1,0,9/7H,demertr01
206,Rafael Devers*,25,BOS,AL,104,454,416,67,123,32,1,25,63,2,1,32,81,.296,.352,.558,.910,150,232,7,5,0,1,8,*5/DH,deverra01
207,Aledmys Díaz,31,HOU,AL,78,274,254,31,64,12,0,10,32,1,1,17,46,.252,.303,.417,.720,104,106,7,2,0,1,0,746H/53D9,diazal02
208,Edwin Díaz,28,NYM,NL,2,0,0,0,0,0,0,0,0,0,0,0,0,,,,,,0,0,0,0,0,0,1,diazed04
209,Elias Diaz,31,COL,NL,77,282,256,18,59,14,2,6,33,0,0,22,57,.230,.294,.371,.665,78,95,8,2,0,2,0,2/H,diazel01
210,Lewin Diaz*,25,MIA,NL,23,79,69,6,10,2,0,0,2,1,0,8,20,.145,.241,.174,.414,20,12,1,1,0,1,0,3/DH,diazle01
211,Yandy Díaz,30,TBR,AL,107,442,374,53,104,26,0,7,45,1,3,62,48,.278,.387,.404,.791,134,151,5,5,0,1,0,53/DH,diazya01
212,Yusniel Diaz,25,BAL,AL,1,1,1,0,0,0,0,0,0,0,0,0,1,.000,.000,.000,.000,-100,0,0,0,0,0,0,/H9,diazyu01
213,Alex Dickerson*,32,ATL,NL,13,36,33,3,4,0,0,1,2,0,0,3,9,.121,.194,.212,.407,13,7,3,0,0,0,0,D/H9,dickeal01
214,Corey Dickerson*,33,STL,NL,58,163,151,18,35,8,0,4,20,0,0,9,28,.232,.276,.364,.640,84,55,2,1,0,2,1,7DH/9,dickeco01
215,Josh Donaldson,36,NYY,AL,99,406,358,40,80,23,0,12,47,2,2,38,114,.223,.305,.388,.694,98,139,8,6,0,4,0,5D/H,donaljo02
216,Brendan Donovan*,25,STL,NL,87,308,257,36,75,15,1,2,32,2,3,39,53,.292,.403,.381,.784,130,98,5,10,0,2,1,54793DH/6,donovbr01
217,Jeter Downs,23,BOS,AL,14,41,39,4,6,1,0,1,4,0,0,1,21,.154,.171,.256,.427,18,10,0,0,0,1,0,/45H6D,downsje01
218,Hunter Dozier,30,KCR,AL,99,399,365,39,88,21,3,10,35,2,3,30,95,.241,.303,.397,.701,97,145,10,3,0,1,0,39D5/7H,doziehu01
219,Brandon Drury,29,TOT,NL,109,453,412,71,108,24,2,23,73,2,2,33,99,.262,.322,.498,.820,120,205,6,5,0,3,0,54D3/H69,drurybr01
220,Brandon Drury,29,CIN,NL,92,385,350,62,96,22,2,20,59,2,2,29,84,.274,.335,.520,.855,127,182,6,4,0,2,0,54D/3H69,drurybr01
221,Brandon Drury,29,SDP,NL,17,68,62,9,12,2,0,3,14,0,0,4,15,.194,.250,.371,.621,77,23,0,1,0,1,0,/D345H,drurybr01
222,Mauricio Dubon,27,TOT,MLB,73,193,175,23,38,7,0,4,20,1,3,12,16,.217,.262,.326,.587,67,57,4,0,2,4,0,864H/759D,dubonma01
223,Mauricio Dubon,27,SFG,NL,21,49,46,10,11,1,0,2,8,0,0,1,4,.239,.245,.391,.636,76,18,0,0,0,2,0,8/H654D,dubonma01
224,Mauricio Dubon,27,HOU,AL,52,144,129,13,27,6,0,2,12,1,3,11,12,.209,.268,.302,.570,63,39,4,0,2,2,0,864/7H9,dubonma01
225,Tyler Duffey,31,MIN,AL,2,0,0,0,0,0,0,0,0,0,0,0,0,,,,,,0,0,0,0,0,0,1,duffety01
226,Matt Duffy,31,LAA,AL,45,143,134,7,35,4,0,0,5,0,0,9,30,.261,.308,.291,.599,72,39,2,0,0,0,0,543H,duffyma01
227,Steven Duggar*,28,TOT,MLB,29,80,72,7,11,3,1,0,4,5,1,7,41,.153,.225,.222,.447,28,16,0,0,0,1,0,87/H,duggast01
228,Steven Duggar*,28,TOT,AL,17,41,36,5,4,0,1,0,0,1,1,5,25,.111,.220,.167,.386,13,6,0,0,0,0,0,7/8H,duggast01
229,Steven Duggar*,28,SFG,NL,12,39,36,2,7,3,0,0,4,4,0,2,16,.194,.231,.278,.509,43,10,0,0,0,1,0,8/7,duggast01
230,Steven Duggar*,28,TEX,AL,8,19,17,2,3,0,0,0,0,1,1,2,12,.176,.263,.176,.440,31,3,0,0,0,0,0,/78H,duggast01
231,Steven Duggar*,28,LAA,AL,9,22,19,3,1,0,1,0,0,0,0,3,13,.053,.182,.158,.340,-2,3,0,0,0,0,0,/78,duggast01
232,Joe Dunand,26,MIA,NL,3,11,10,2,3,1,0,1,1,0,0,0,3,.300,.364,.700,1.064,192,7,0,1,0,0,0,/45,dunanjo01
233,Ezequiel Duran,23,TEX,AL,42,162,152,20,37,8,1,3,18,4,1,10,38,.243,.290,.368,.659,89,56,1,0,0,0,0,5/4HD,duranez01
234,Jarren Duran*,25,BOS,AL,53,206,189,23,42,12,3,3,15,7,1,14,57,.222,.286,.365,.651,81,69,0,3,0,0,0,8/9DH,duranja01
235,Jhoan Duran,24,MIN,AL,3,0,0,0,0,0,0,0,0,0,0,0,0,,,,,,0,0,0,0,0,0,1,duranjh01
236,Adam Duvall,33,ATL,NL,86,315,287,39,61,16,1,12,36,0,2,21,101,.213,.276,.401,.677,85,115,2,5,0,2,0,*879/H,duvalad01
237,Nate Eaton,25,KCR,AL,18,51,44,5,8,1,1,1,3,2,0,4,17,.182,.255,.318,.573,62,14,2,1,0,2,0,9/8H7,eatonna01
238,Tommy Edman#,27,STL,NL,115,485,441,76,111,20,3,8,39,24,3,39,86,.252,.316,.365,.681,97,161,9,3,1,1,2,46/H598,edmanto01
239,Drew Ellis,26,TOT,MLB,7,17,16,2,3,1,0,0,1,0,0,1,7,.188,.235,.250,.485,39,4,0,0,0,0,0,/5,ellisdr01
240,Drew Ellis,26,ARI,NL,6,14,13,2,2,1,0,0,1,0,0,1,6,.154,.214,.231,.445,27,3,0,0,0,0,0,/5,ellisdr01
241,Drew Ellis,26,SEA,AL,1,3,3,0,1,0,0,0,0,0,0,0,1,.333,.333,.333,.667,98,1,0,0,0,0,0,/5,ellisdr01
242,Jerar Encarnacion,24,MIA,NL,4,14,13,2,2,1,0,1,5,1,0,1,2,.154,.214,.462,.676,84,6,1,0,0,0,0,/79,encarje01
243,Adam Engel,30,CHW,AL,90,215,201,29,47,12,1,2,14,11,2,11,62,.234,.284,.333,.617,75,67,2,3,0,0,1,*98H/D7,engelad01
244,Alcides Escobar,35,WSN,NL,40,131,124,12,27,4,2,0,8,1,1,5,32,.218,.260,.282,.542,58,35,1,2,0,0,0,6/H41,escobal02
245,Eduardo Escobar#,33,NYM,NL,102,409,375,41,81,21,3,12,44,0,2,28,101,.216,.269,.384,.653,84,144,2,1,0,5,1,*5/DH4,escobed01
246,Santiago Espinal,27,TOR,AL,112,422,388,43,105,23,0,7,44,5,4,29,64,.271,.321,.384,.705,101,149,10,1,1,3,1,*46H/5,espinsa01
247,Thairo Estrada,26,SFG,NL,102,390,356,53,94,18,2,11,48,16,2,20,60,.264,.315,.419,.734,106,149,9,9,0,5,0,46/H758,estrath01
248,Stuart Fairchild,26,TOT,MLB,16,28,25,3,2,0,0,1,1,0,0,2,14,.080,.179,.200,.379,5,5,1,1,0,0,0,/8H97,faircst01
249,Stuart Fairchild,26,TOT,NL,13,25,22,3,2,0,0,1,1,0,0,2,12,.091,.200,.227,.427,17,5,1,1,0,0,0,/89H7,faircst01
250,Stuart Fairchild,26,SEA,AL,3,3,3,0,0,0,0,0,0,0,0,0,2,.000,.000,.000,.000,-100,0,0,0,0,0,0,/7H,faircst01
251,Stuart Fairchild,26,SFG,NL,5,8,8,1,0,0,0,0,0,0,0,0,3,.000,.000,.000,.000,-100,0,0,0,0,0,0,/8,faircst01
252,Stuart Fairchild,26,CIN,NL,8,17,14,2,2,0,0,1,1,0,0,2,9,.143,.294,.357,.651,75,5,1,1,0,0,0,/98H7,faircst01
253,Jeurys Familia,32,TOT,MLB,1,0,0,0,0,0,0,0,0,0,0,0,0,,,,,,0,0,0,0,0,0,1,familje01
254,Jeurys Familia,32,PHI,NL,1,0,0,0,0,0,0,0,0,0,0,0,0,,,,,,0,0,0,0,0,0,1,familje01
255,Kyle Farmer,31,CIN,NL,102,408,364,42,98,21,0,6,55,4,3,25,66,.269,.337,.376,.713,93,137,12,14,1,4,0,*65/DH,farmeky01
256,Mario Feliciano,23,MIL,NL,2,5,4,0,1,0,0,0,0,0,0,1,1,.250,.400,.250,.650,90,1,0,0,0,0,0,/2,felicma01
257,Freddy Fermin,27,KCR,AL,3,7,7,1,0,0,0,0,0,0,1,0,3,.000,.000,.000,.000,-100,0,0,0,0,0,0,/2,fermifr01
258,David Fletcher,28,LAA,AL,33,114,104,12,29,5,1,2,13,0,0,6,6,.279,.330,.404,.734,108,42,2,2,2,0,0,46/H,fletcda02
259,Wilmer Flores,30,SFG,NL,113,441,387,58,99,25,1,16,58,0,0,42,71,.256,.338,.450,.787,120,174,5,8,0,4,1,435DH,florewi01
260,Estevan Florial*,24,NYY,AL,7,22,20,1,1,0,0,0,1,1,0,1,8,.050,.136,.050,.186,-43,1,0,1,0,0,0,/8DH,flories01
261,Dylan Floro*,31,MIA,NL,1,0,0,0,0,0,0,0,0,0,0,0,0,,,,,,0,0,0,0,0,0,1,florody01
262,Mike Ford*,29,TOT,MLB,22,50,40,1,6,1,0,0,5,0,0,9,14,.150,.320,.175,.495,50,7,0,1,0,0,0,D/H31,fordmi01
263,Mike Ford*,29,TOT,NL,6,12,11,0,1,0,0,0,2,0,0,1,2,.091,.167,.091,.258,-25,1,0,0,0,0,0,/DH31,fordmi01
264,Mike Ford*,29,SFG,NL,1,4,4,0,1,0,0,0,2,0,0,0,0,.250,.250,.250,.500,42,1,0,0,0,0,0,/3,fordmi01
265,Mike Ford*,29,SEA,AL,16,38,29,1,5,1,0,0,3,0,0,8,12,.172,.368,.207,.575,76,6,0,1,0,0,0,D/H3,fordmi01
266,Mike Ford*,29,ATL,NL,5,8,7,0,0,0,0,0,0,0,0,1,2,.000,.125,.000,.125,-61,0,0,0,0,0,0,/DH1,fordmi01
267,Nick Fortes,25,MIA,NL,45,138,124,27,30,4,1,6,17,5,2,9,27,.242,.319,.435,.754,111,54,4,5,0,0,0,2/HD3,forteni01
268,Matt Foster,27,CHW,AL,1,0,0,0,0,0,0,0,0,0,0,0,0,,,,,,0,0,0,0,0,0,1,fostema01
269,Lucius Fox#,24,WSN,NL,10,28,25,2,2,0,0,0,2,1,0,1,9,.080,.115,.080,.195,-42,2,1,0,2,0,0,/65H,foxlu01
270,Jake Fraley*,27,CIN,NL,32,110,97,17,23,4,0,6,14,1,1,11,22,.237,.318,.464,.782,108,45,0,1,0,1,0,7/98HD,fraleja01
271,Ty France,27,SEA,AL,101,452,401,44,115,19,0,14,62,0,0,29,67,.287,.357,.439,.796,133,176,9,17,0,4,3,*3/D4,francty01
272,Maikel Franco,29,WSN,NL,103,388,371,31,85,15,0,9,39,1,0,12,75,.229,.255,.342,.597,72,127,18,2,0,3,0,*5/3HD,francma02
273,Wander Franco#,21,TBR,AL,58,247,227,34,59,12,2,5,23,5,0,17,26,.260,.308,.396,.704,106,90,4,0,0,3,1,6/DH,francwa01
274,Adam Frazier*,30,SEA,AL,119,482,432,53,107,18,2,3,31,8,4,39,58,.248,.313,.319,.633,87,138,10,4,3,4,1,*497H/D86,fraziad01
275,Jackson Frazier,27,CHC,NL,19,45,37,4,8,3,0,0,1,1,0,7,11,.216,.356,.297,.653,86,11,1,1,0,0,0,/DH79,frazicl01
276,Freddie Freeman*,32,LAD,NL,119,530,461,84,148,39,2,16,74,10,2,58,79,.321,.398,.518,.917,152,239,4,5,0,6,7,*3,freemfr01
277,Tyler Freeman,23,CLE,AL,8,28,22,3,5,1,0,0,0,1,0,3,1,.227,.393,.273,.666,98,6,1,3,0,0,0,/564H,freemty01
278,TJ Friedl*,26,CIN,NL,33,113,102,16,23,4,2,1,9,5,0,5,18,.225,.274,.333,.608,64,34,2,3,0,3,0,89/H7D,friedtj01
279,Cam Gallagher,29,KCR,AL,18,47,42,1,9,5,0,0,5,0,0,3,13,.214,.267,.333,.600,70,14,0,0,2,0,0,2,gallaca01
280,Joey Gallo*,28,TOT,MLB,93,304,260,36,43,5,1,15,29,2,0,43,119,.165,.286,.365,.652,86,95,0,1,0,0,0,*79/HD8,gallojo01
281,Joey Gallo*,28,NYY,AL,82,273,233,32,37,4,1,12,24,2,0,40,106,.159,.282,.339,.621,78,79,0,0,0,0,0,79/H8D,gallojo01
282,Joey Gallo*,28,LAD,NL,11,31,27,4,6,1,0,3,5,0,0,3,13,.222,.323,.593,.915,146,16,0,1,0,0,0,/79DH,gallojo01
283,Ben Gamel*,30,PIT,NL,85,316,277,32,69,18,2,5,37,5,1,35,76,.249,.339,.383,.721,103,106,2,3,0,1,1,79D/H8,gamelbe01
284,Adolis García,29,TEX,AL,116,495,458,67,116,24,4,19,75,18,3,29,138,.253,.301,.448,.749,113,205,6,4,0,4,1,*98/DH,garciad02
285,Aramis Garcia,29,CIN,NL,46,113,106,6,23,2,0,1,4,0,1,3,34,.217,.252,.264,.516,40,28,4,2,2,0,0,2/3DH,garciar01
286,Avisail Garcia,31,MIA,NL,88,342,323,29,75,8,0,7,30,4,0,13,95,.232,.269,.322,.591,67,104,11,4,0,2,0,9/DH,garciav01
287,Dermis Garcia,24,OAK,AL,8,22,20,3,5,2,0,0,1,0,0,2,10,.250,.318,.350,.668,97,7,0,0,0,0,0,/3DH,garcide02
288,Leury Garcia#,31,CHW,AL,83,288,273,35,58,8,0,3,19,1,0,7,59,.212,.238,.275,.512,46,75,6,3,2,3,0,469/H78D5,garcile02
289,Luis Garcia*,22,WSN,NL,60,237,228,18,66,13,2,4,25,1,4,4,48,.289,.301,.417,.718,106,95,3,1,1,3,0,6/H,garcilu04
290,Maikel Garcia,22,KCR,AL,9,23,22,1,7,1,0,0,2,0,0,1,5,.318,.348,.364,.711,103,8,1,0,0,0,0,/6H,garcima01
291,Kyle Garlick,30,MIN,AL,51,116,105,18,27,3,0,8,17,0,0,8,29,.257,.319,.514,.833,137,54,2,2,0,1,0,7H9/D,garliky01
292,Dustin Garneau,34,DET,AL,8,11,10,1,3,1,0,0,1,0,0,1,4,.300,.364,.400,.764,122,4,0,0,0,0,0,/2H,garnedu01
293,Stone Garrett,26,ARI,NL,3,13,12,2,4,3,0,0,1,1,0,0,3,.333,.333,.583,.917,154,7,0,0,0,0,0,/7D,garrest01
294,Mitch Garver,31,TEX,AL,54,215,188,23,39,7,0,10,24,1,1,23,53,.207,.298,.404,.702,101,76,3,2,0,2,0,D2/H,garvemi01
295,Lucas Gilbreath*,26,COL,NL,1,0,0,0,0,0,0,0,0,0,0,0,0,,,,,,0,0,0,0,0,0,1,gilbrlu01
296,Andres Gimenez*,23,CLE,AL,108,400,356,48,110,20,2,14,58,15,2,22,82,.309,.374,.494,.868,149,176,5,16,4,2,1,*46/H,gimenan01
297,Jose Godoy*,27,TOT,MLB,7,12,10,2,0,0,0,0,1,0,0,2,3,.000,.167,.000,.167,-46,0,0,0,0,0,0,/2,godoyjo01
298,Jose Godoy*,27,MIN,AL,2,5,3,2,0,0,0,0,0,0,0,2,2,.000,.400,.000,.400,31,0,0,0,0,0,0,/2,godoyjo01
299,Jose Godoy*,27,PIT,NL,5,7,7,0,0,0,0,0,1,0,0,0,1,.000,.000,.000,.000,-100,0,0,0,0,0,0,/2,godoyjo01
300,Paul Goldschmidt,34,STL,NL,113,492,425,86,145,34,0,31,100,5,0,60,100,.341,.422,.640,1.062,203,272,5,2,0,3,1,*3D/H,goldspa01
301,Yan Gomes,34,CHC,NL,61,203,194,16,45,7,0,6,17,0,0,6,31,.232,.261,.361,.622,72,70,10,2,0,1,0,2/DH,gomesya01
302,Erik Gonzalez,30,MIA,NL,16,41,37,4,7,1,0,0,3,1,0,4,12,.189,.268,.216,.485,40,8,1,0,0,0,0,/6543,gonzaer01
303,Luis Gonzalez*,26,SFG,NL,78,288,254,26,66,16,1,4,32,10,2,26,55,.260,.330,.378,.708,100,96,4,3,0,5,1,97/H81D,gonzalu03
304,Marwin Gonzalez#,33,NYY,AL,62,140,125,12,26,7,0,3,11,2,0,10,37,.208,.281,.336,.617,77,42,4,3,1,1,0,6975H/4D3,gonzama01
305,Oscar Gonzalez,24,CLE,AL,49,198,189,17,58,20,0,3,21,1,0,7,43,.307,.333,.460,.794,127,87,2,1,0,1,1,9/DH,gonzaos01
306,Romy Gonzalez,25,CHW,AL,2,8,6,0,1,1,0,0,1,0,0,1,2,.167,.250,.333,.583,64,2,0,0,0,1,0,/6,gonzaro01
307,Niko Goodrum#,30,HOU,AL,15,45,43,2,5,2,0,0,1,1,0,2,23,.116,.156,.163,.318,-8,7,0,0,0,0,0,4/3DH,goodrni01
308,Nick Gordon*,26,MIN,AL,94,283,261,30,72,17,3,5,23,6,3,13,67,.276,.320,.421,.742,114,110,4,5,2,2,0,*786H/41D,gordoni01
309,Nolan Gorman*,22,STL,NL,69,248,224,39,56,10,0,13,32,1,0,22,77,.250,.323,.469,.791,126,105,1,2,0,0,0,4DH,gormano01
310,Phil Gosselin,33,TOT,MLB,31,74,71,6,11,0,1,0,2,0,0,2,21,.155,.189,.183,.372,6,13,1,1,0,0,0,54/H3D9,gosseph01
311,Phil Gosselin,33,ATL,NL,12,24,23,4,6,0,0,0,0,0,0,1,6,.261,.292,.261,.553,55,6,0,0,0,0,0,4/H9,gosseph01
312,Phil Gosselin,33,LAA,AL,19,50,48,2,5,0,1,0,2,0,0,1,15,.104,.140,.146,.286,-18,7,1,1,0,0,0,5/H3D,gosseph01
313,Yasmani Grandal#,33,CHW,AL,74,290,251,9,51,5,0,3,21,1,0,36,61,.203,.307,.259,.566,64,65,8,2,0,1,1,2D/3H,grandya01
314,Kendall Graveman,31,CHW,AL,1,0,0,0,0,0,0,0,0,0,0,0,0,,,,,,0,0,0,0,0,0,1,graveke01
315,Riley Greene*,21,DET,AL,56,253,233,27,53,10,2,3,23,1,4,18,75,.227,.285,.326,.611,77,76,8,1,0,1,0,8,greenri03
316,Didi Gregorius*,32,PHI,NL,63,232,214,17,45,9,4,1,19,1,0,13,36,.210,.263,.304,.567,59,65,0,3,0,2,0,6/H,gregodi01
317,Grayson Greiner,29,ARI,NL,2,8,6,0,1,0,0,0,0,0,0,2,3,.167,.375,.167,.542,62,1,0,0,0,0,0,/2,greingr01
318,Randal Grichuk,30,COL,NL,105,402,377,45,100,18,2,12,58,3,0,20,97,.265,.306,.419,.725,93,158,9,3,0,2,0,*98/HD1,grichra01
319,Justin Grimm,33,OAK,AL,1,0,0,0,0,0,0,0,0,0,0,0,0,,,,,,0,0,0,0,0,0,1,grimmju01
320,Trent Grisham*,25,SDP,NL,119,446,380,50,75,15,2,15,47,5,0,52,112,.197,.301,.366,.666,93,139,3,5,7,2,1,*8/H,grishtr01
321,Vaughn Grissom,21,ATL,NL,11,43,39,12,15,2,0,3,8,2,0,4,7,.385,.442,.667,1.109,202,26,0,0,0,0,0,4,grissva01
322,Robbie Grossman#,32,TOT,MLB,96,361,308,28,65,15,1,4,29,3,1,44,103,.211,.319,.305,.624,82,94,2,6,0,3,0,*79/HD,grossro01
323,Robbie Grossman#,32,DET,AL,83,320,273,24,56,13,1,2,23,3,1,38,90,.205,.313,.282,.595,75,77,2,6,0,3,0,79/HD,grossro01
324,Robbie Grossman#,32,ATL,NL,13,41,35,4,9,2,0,2,6,0,0,6,13,.257,.366,.486,.852,133,17,0,0,0,0,0,7/H9,grossro01
325,Vladimir Guerrero Jr.,23,TOR,AL,118,511,458,70,130,25,0,26,75,4,2,45,83,.284,.352,.509,.861,143,233,20,5,0,3,5,*3D/H5,guerrvl02
326,Luis Guillorme*,27,NYM,NL,86,289,258,31,73,11,1,2,14,1,0,29,39,.283,.355,.357,.712,104,92,12,0,2,0,1,456/HD,guilllu01
327,Lourdes Gurriel Jr.,28,TOR,AL,107,433,397,49,120,28,0,5,49,3,4,28,73,.302,.354,.411,.765,119,163,9,5,0,2,1,*7D/3H,gurrilo01
328,Yuli Gurriel,38,HOU,AL,110,439,409,46,100,34,0,7,35,8,0,23,57,.244,.292,.379,.671,91,155,10,5,0,2,0,*3/HD,gourryu01
329,Kelvin Gutierrez,27,BAL,AL,12,33,28,2,4,1,0,0,3,1,0,4,8,.143,.250,.179,.429,26,5,1,0,0,0,0,5/HD,gutieke01
330,Eric Haase,29,DET,AL,82,247,227,27,53,11,1,8,31,0,0,18,70,.233,.287,.396,.684,96,90,4,0,0,2,0,2H7/D,haaseer01
331,Jake Hager,29,ARI,NL,28,59,50,4,12,2,0,0,3,0,0,8,17,.240,.345,.280,.625,81,14,0,0,1,0,0,4/561DH,hagerja01
332,Sam Haggerty#,28,SEA,AL,52,127,116,22,36,7,1,4,15,8,1,6,31,.310,.357,.491,.849,147,57,2,3,1,1,2,97H/8D4,haggesa01
333,Darick Hall*,26,PHI,NL,36,134,128,19,34,8,1,9,16,0,0,5,39,.266,.299,.555,.853,133,71,3,1,0,0,0,D/3H1,hallda02
334,Billy Hamilton#,31,MIA,NL,20,15,13,9,1,0,0,0,0,7,0,1,8,.077,.143,.077,.220,-35,1,0,0,1,0,0,H/78D45,hamilbi02
335,Caleb Hamilton,27,MIN,AL,3,6,5,0,0,0,0,0,0,0,0,0,4,.000,.000,.000,.000,-100,0,0,0,1,0,0,/2H,hamilca01
336,Garrett Hampson,27,COL,NL,64,175,154,25,35,5,3,2,13,7,1,16,45,.227,.302,.338,.640,72,52,3,1,3,1,0,68/5H4D,hampsga01
337,Mitch Haniger,31,SEA,AL,22,94,87,13,24,2,0,4,11,0,0,7,21,.276,.330,.437,.767,124,38,2,0,0,0,1,9/D,hanigmi01
338,Ian Happ#,27,CHC,NL,116,477,423,52,118,31,2,12,55,7,3,46,113,.279,.354,.447,.801,123,189,8,5,0,3,3,*7D/H8,happia01
339,Bryce Harper*,29,PHI,NL,64,275,242,49,77,21,1,15,48,9,2,26,52,.318,.385,.599,.985,172,145,9,3,0,4,4,D/9H,harpebr03
340,Michael Harris*,21,ATL,NL,75,283,268,49,77,17,2,12,41,15,0,11,70,.287,.325,.500,.825,124,134,3,4,0,0,0,8,harrimi04
341,Josh Harrison,34,CHW,AL,91,325,294,40,73,15,2,6,23,1,1,18,54,.248,.313,.374,.687,95,110,8,10,2,1,0,45/HD176,harrijo05
342,Monte Harrison,26,LAA,AL,9,14,11,5,2,0,0,1,3,1,0,2,8,.182,.357,.455,.812,129,5,1,1,0,0,0,/78H,harrimo01
343,Adam Haseley*,26,CHW,AL,11,23,20,3,5,0,0,0,2,0,0,2,6,.250,.318,.250,.568,65,5,0,0,1,0,0,/H987D,haselad01
344,Ke'Bryan Hayes,25,PIT,NL,103,434,391,44,98,18,3,6,35,13,3,39,93,.251,.323,.358,.681,92,140,8,3,0,1,0,*5/6H,hayeske01
345,Austin Hays,26,BAL,AL,108,444,408,54,105,28,1,13,50,2,3,25,90,.257,.313,.426,.740,109,174,9,9,0,2,0,*79/8DH,haysau01
346,Austin Hedges,29,CLE,AL,76,247,213,20,37,2,0,6,23,1,0,20,55,.174,.258,.268,.526,53,57,6,5,7,2,0,2,hedgeau01
347,Jonah Heim#,27,TEX,AL,95,349,312,45,79,19,1,13,43,2,0,35,68,.253,.327,.446,.772,121,139,8,0,0,2,0,*2H/D,heimjo01
348,Tyler Heineman#,31,TOT,MLB,47,130,121,13,25,5,0,0,8,1,0,5,15,.207,.250,.248,.498,42,30,2,2,2,0,0,2/HD,heinety01
349,Tyler Heineman#,31,TOR,AL,10,16,15,2,4,2,0,0,1,0,0,0,4,.267,.267,.400,.667,88,6,1,0,1,0,0,/2DH,heinety01
350,Tyler Heineman#,31,PIT,NL,37,114,106,11,21,3,0,0,7,1,0,5,11,.198,.248,.226,.474,35,24,1,2,1,0,0,2/H,heinety01
351,Liam Hendriks,33,CHW,AL,1,0,0,0,0,0,0,0,0,0,0,0,0,,,,,,0,0,0,0,0,0,1,hendrli01
352,Ryan Hendrix,27,CIN,NL,1,0,0,0,0,0,0,0,0,0,0,0,0,,,,,,0,0,0,0,0,0,/1,hendrry01
353,Payton Henry,25,MIA,NL,15,35,28,2,4,0,0,0,4,0,0,5,8,.143,.314,.143,.457,36,4,0,2,0,0,0,2/H,henrypa01
354,Guillermo Heredia,31,ATL,NL,50,72,66,10,9,2,1,3,6,0,0,6,30,.136,.208,.333,.542,47,22,1,0,0,0,0,79/H8D,heredgu01
355,Michael Hermosillo,27,CHC,NL,17,35,28,2,2,1,0,0,2,0,0,4,14,.071,.257,.107,.364,8,3,0,3,0,0,0,8/H97,hermomi01
356,Cesar Hernandez#,32,WSN,NL,121,519,474,55,116,25,3,0,26,8,3,35,92,.245,.304,.310,.614,79,147,9,6,3,1,0,*4/H,hernace02
357,Elier Hernandez,27,TEX,AL,14,35,33,4,6,2,0,0,3,0,0,1,15,.182,.200,.242,.442,27,8,1,0,0,1,0,/7DH39,hernael02
358,Enrique Hernandez,30,BOS,AL,55,256,232,28,49,17,0,5,30,0,1,18,47,.211,.270,.349,.619,72,81,6,2,0,4,0,8/6,hernaen02
359,Teoscar Hernandez,29,TOR,AL,95,386,359,49,95,24,1,18,58,6,3,25,106,.265,.316,.487,.804,126,175,12,2,0,0,0,*9/D7H,hernate01
360,Yadiel Hernández*,34,WSN,NL,94,327,305,30,82,16,0,9,41,2,1,19,74,.269,.312,.410,.722,108,125,9,1,0,2,0,7DH/9,hernaya01
361,Yonny Hernandez#,24,ARI,NL,12,28,24,2,2,0,0,0,0,2,0,2,4,.083,.154,.083,.237,-30,2,0,0,2,0,0,5/4H,hernayo02
362,Ivan Herrera,22,STL,NL,11,22,18,0,2,0,0,0,1,0,0,2,8,.111,.190,.111,.302,-9,2,0,0,1,1,0,2,herreiv01
363,Jose Herrera#,25,ARI,NL,47,124,111,9,21,2,0,0,5,0,0,9,34,.189,.250,.207,.457,32,23,1,0,4,0,0,2/DH,herrejo04
364,Odubel Herrera*,30,PHI,NL,62,197,185,23,44,9,1,5,21,6,0,11,42,.238,.279,.378,.658,83,70,3,0,0,1,0,87H/9,herreod01
365,Jason Heyward*,32,CHC,NL,48,151,137,15,28,5,1,1,10,1,0,11,32,.204,.278,.277,.556,57,38,3,3,0,0,0,89/H,heywaja01
366,Brewer Hicklen,26,KCR,AL,6,4,4,1,0,0,0,0,0,0,0,0,4,.000,.000,.000,.000,-100,0,0,0,0,0,0,/H798,hicklbr01
367,Aaron Hicks#,32,NYY,AL,103,368,309,41,67,5,2,6,32,9,3,53,81,.217,.338,.304,.642,87,94,9,4,1,1,3,*87/H,hicksaa01
368,Kyle Higashioka,32,NYY,AL,59,175,159,20,31,5,0,7,20,0,1,10,39,.195,.243,.358,.601,70,57,2,1,2,3,0,2/H,higasky01
369,P.J. Higgins,29,CHC,NL,46,130,116,17,30,6,1,6,20,0,0,11,31,.259,.328,.483,.811,124,56,1,1,2,0,0,32/H5D,higgipj01
370,Derek Hill,26,DET,AL,31,92,83,8,19,2,0,1,3,3,0,5,28,.229,.270,.289,.559,63,24,0,0,3,1,0,8/H,hillde01
371,Sam Hilliard*,28,COL,NL,65,183,159,24,29,6,1,2,14,3,1,21,51,.182,.279,.270,.549,49,43,2,1,0,2,0,78/H9,hillisa01
372,Keston Hiura,25,MIL,NL,51,165,142,22,34,2,0,10,21,5,1,17,71,.239,.345,.465,.810,127,66,0,6,0,0,0,3D4/H7,hiurake01
373,Nico Hoerner,25,CHC,NL,104,397,368,38,109,18,3,7,39,14,1,23,45,.296,.345,.418,.764,113,154,8,5,0,1,3,*6/H5,hoernni01
374,Jeff Hoffman,29,CIN,NL,1,0,0,0,0,0,0,0,0,0,0,0,0,,,,,,0,0,0,0,0,0,1,hoffmje02
375,Rhys Hoskins,29,PHI,NL,119,508,443,62,111,22,2,26,60,2,1,59,126,.251,.343,.485,.828,130,215,7,4,0,2,0,*3/DH,hoskirh01
376,Eric Hosmer*,32,TOT,MLB,102,414,375,38,100,19,0,8,44,0,0,37,64,.267,.333,.381,.715,106,143,12,1,0,1,5,*3/D,hosmeer01
377,Eric Hosmer*,32,SDP,NL,90,369,335,32,91,16,0,8,40,0,0,33,55,.272,.336,.391,.727,111,131,10,0,0,1,5,*3/D,hosmeer01
378,Eric Hosmer*,32,BOS,AL,12,45,40,6,9,3,0,0,4,0,0,4,9,.225,.311,.300,.611,73,12,2,1,0,0,0,3,hosmeer01
379,Sam Huff,24,TEX,AL,30,82,77,5,20,2,0,1,5,1,0,5,27,.260,.305,.325,.630,83,25,1,0,0,0,1,2/H3D,huffsa01
380,Brandon Hughes#,26,CHC,NL,1,0,0,0,0,0,0,0,0,0,0,0,0,,,,,,0,0,0,0,0,0,1,hughebr01
381,Cooper Hummel#,27,ARI,NL,54,162,141,15,24,5,3,2,13,4,0,20,51,.170,.278,.291,.569,62,41,4,1,0,0,0,7HD/29,hummeco01
382,Tommy Hunter,35,NYM,NL,2,0,0,0,0,0,0,0,0,0,0,0,0,,,,,,0,0,0,0,0,0,1,hunteto02
383,Andy Ibáñez,29,TEX,AL,40,128,119,13,26,4,0,1,9,3,0,9,21,.218,.273,.277,.551,60,33,0,0,0,0,0,5/D34H,ibanean01
384,José Iglesias,32,COL,NL,103,408,382,46,119,29,0,3,47,2,3,16,47,.312,.348,.411,.759,104,157,8,7,0,3,0,*6/D,iglesjo01
385,Ender Inciarte*,31,NYM,NL,11,8,8,1,1,0,0,0,0,0,0,0,0,.125,.125,.125,.250,-28,1,0,0,0,0,0,/7H89D,inciaen01
386,Jonathan India,25,CIN,NL,63,264,243,29,59,11,0,8,25,2,4,12,65,.243,.303,.387,.690,85,94,3,9,0,0,0,4/DH,indiajo01
387,Kyle Isbel*,25,KCR,AL,77,204,191,22,41,8,4,3,20,7,3,7,56,.215,.251,.346,.597,68,66,5,3,1,2,0,987H/D,isbelky01
388,Alex Jackson,26,MIL,NL,5,12,12,0,3,0,0,0,0,0,0,0,7,.250,.250,.250,.500,42,3,0,0,0,0,0,/2H,jacksal02
389,Drew Jackson,28,OAK,AL,3,3,3,0,0,0,0,0,0,0,0,0,1,.000,.000,.000,.000,-100,0,0,0,0,0,0,/957H,jacksdr01
390,Travis Jankowski*,31,TOT,MLB,44,64,55,11,9,0,0,0,2,3,0,8,10,.164,.281,.164,.445,32,9,0,1,0,0,0,7H98/D,jankotr01
391,Travis Jankowski*,31,NYM,NL,43,63,54,11,9,0,0,0,2,3,0,8,9,.167,.286,.167,.452,34,9,0,1,0,0,0,7H98/D,jankotr01
392,Travis Jankowski*,31,SEA,AL,1,1,1,0,0,0,0,0,0,0,0,0,1,.000,.000,.000,.000,-100,0,0,0,0,0,0,/8,jankotr01
393,Danny Jansen,27,TOR,AL,41,139,122,17,24,1,0,9,25,0,0,11,27,.197,.266,.426,.692,95,52,0,2,0,4,0,2/HD,janseda01
394,Ryan Jeffers,25,MIN,AL,60,214,192,23,41,10,0,7,25,0,0,21,58,.214,.291,.375,.666,92,72,4,0,1,0,0,2/DH,jeffery01
395,Eloy Jiménez,25,CHW,AL,47,181,163,17,50,6,0,6,26,0,0,15,40,.307,.365,.454,.819,131,74,1,1,0,2,0,7D/H,jimenel02
396,Connor Joe,29,COL,NL,101,438,378,53,92,19,4,6,25,6,2,53,90,.243,.345,.362,.707,91,137,7,6,0,1,0,73D9/H,joeco01
397,Bryce Johnson#,26,SFG,NL,4,4,4,0,0,0,0,0,0,0,0,0,3,.000,.000,.000,.000,-100,0,0,0,0,0,0,/8,johnsbr03
398,Nolan Jones*,24,CLE,AL,28,94,86,10,21,5,0,2,13,0,0,8,31,.244,.309,.372,.681,96,32,2,0,0,0,1,9/DH,jonesno01
399,Taylor Jones,28,HOU,AL,1,1,1,0,0,0,0,0,0,0,0,0,0,.000,.000,.000,.000,-100,0,0,0,0,0,0,/H,jonesta01
400,Aaron Judge,30,NYY,AL,117,517,437,98,129,20,0,46,102,13,1,69,131,.295,.393,.657,1.050,195,287,14,4,0,4,8,*89D/H,judgeaa01
401,James Kaprielian,28,OAK,AL,1,0,0,0,0,0,0,0,0,0,0,0,0,,,,,,0,0,0,0,0,0,1/DH,kaprija01
402,Gosuke Katoh*,27,TOR,AL,8,11,7,2,1,1,0,0,0,0,0,3,1,.143,.400,.286,.686,102,2,0,0,1,0,0,/3H4D,katohgo01
403,Jarred Kelenic*,22,SEA,AL,40,123,113,12,14,2,1,4,12,5,2,9,47,.124,.187,.265,.452,31,30,2,0,0,1,0,98/HD7,kelenja01
404,Carson Kelly,27,ARI,NL,66,226,207,26,47,13,0,6,24,1,0,14,46,.227,.283,.377,.660,86,78,5,3,0,2,0,2/HD1,kellyca02
405,Tony Kemp*,30,OAK,AL,109,408,361,36,80,19,0,4,28,7,1,34,57,.222,.297,.307,.605,79,111,4,6,4,3,0,47H/D,kempto01
406,Buddy Kennedy,23,ARI,NL,29,90,80,9,18,2,2,1,12,0,0,7,21,.225,.289,.338,.626,77,27,1,1,0,2,0,4/HD5,kennebu01
407,Ian Kennedy,37,ARI,NL,1,0,0,0,0,0,0,0,0,0,0,0,0,,,,,,0,0,0,0,0,0,1,kenneia01
408,Max Kepler*,29,MIN,AL,97,385,333,46,75,15,1,9,41,3,2,43,57,.225,.319,.357,.677,97,119,7,5,0,4,0,*9/H8D,keplema01
409,Kevin Kiermaier*,32,TBR,AL,63,221,206,28,47,8,0,7,22,6,1,14,61,.228,.281,.369,.649,89,76,2,1,0,0,0,8/DH,kiermke01
410,Ha-Seong Kim,26,SDP,NL,112,426,378,44,95,23,3,6,44,8,2,40,77,.251,.329,.376,.704,104,142,8,5,0,3,0,*65/H,kimha01
411,Isiah Kiner-Falefa,27,NYY,AL,109,401,367,49,97,16,0,1,36,15,4,23,57,.264,.313,.316,.629,82,116,12,5,1,5,2,*6/H,kineris01
412,Scott Kingery,28,PHI,NL,1,0,0,0,0,0,0,0,0,0,0,0,0,,,,,,0,0,0,0,0,0,/4,kingesc01
413,Alex Kirilloff*,24,MIN,AL,45,156,144,14,36,7,0,3,21,0,0,5,36,.250,.290,.361,.651,88,52,5,4,0,2,0,73/9DH,kirilal01
414,Alejandro Kirk,23,TOR,AL,106,400,349,50,106,17,0,12,47,0,0,43,41,.304,.383,.456,.838,140,159,9,4,0,4,1,2DH,kirkal01
415,Andrew Knapp#,30,TOT,MLB,13,39,35,2,4,1,0,0,2,0,0,3,12,.114,.205,.143,.348,1,5,0,1,0,0,0,2/H,knappan01
416,Andrew Knapp#,30,PIT,NL,11,35,31,2,4,1,0,0,2,0,0,3,9,.129,.229,.161,.390,13,5,0,1,0,0,0,2/H,knappan01
417,Andrew Knapp#,30,SEA,AL,2,4,4,0,0,0,0,0,0,0,0,0,3,.000,.000,.000,.000,-100,0,0,0,0,0,0,/2,knappan01
418,Andrew Knizner,27,STL,NL,72,213,187,18,41,7,0,1,19,0,0,21,45,.219,.311,.273,.584,72,51,7,4,1,0,0,2/3HD,kniznan01
419,Mark Kolozsvary,26,CIN,NL,10,21,20,3,4,2,0,1,3,0,0,1,9,.200,.238,.450,.688,80,9,1,0,0,0,0,/2H,kolozma01
420,Joey Krehbiel,29,BAL,AL,1,0,0,0,0,0,0,0,0,0,0,0,0,,,,,,0,0,0,0,0,0,1,krehbjo01
421,Jason Krizan*,33,SFG,NL,3,10,8,0,1,0,0,0,0,0,0,2,3,.125,.300,.125,.425,27,1,0,0,0,0,0,/7,krizaja01
422,Joel Kuhnel,27,CIN,NL,1,0,0,0,0,0,0,0,0,0,0,0,0,,,,,,0,0,0,0,0,0,1,kuhnejo01
423,Steven Kwan*,24,CLE,AL,107,451,399,62,120,19,5,3,32,12,4,43,42,.301,.373,.396,.769,123,158,7,5,1,3,1,*79/H8,kwanst01
424,Tommy La Stella*,33,SFG,NL,50,158,149,15,37,14,0,2,12,0,0,6,26,.248,.278,.383,.661,85,57,3,1,0,2,0,DH/534,lasteto01
425,Juan Lagares,33,LAA,AL,20,62,60,4,11,2,1,0,0,0,0,2,15,.183,.210,.250,.460,30,15,0,0,0,0,0,/987H,lagarju01
426,Jake Lamb*,31,TOT,MLB,32,94,82,11,19,6,1,2,5,0,1,10,28,.232,.330,.402,.732,104,33,4,2,0,0,0,D7/H935,lambja01
427,Jake Lamb*,31,LAD,NL,25,77,67,10,16,5,1,2,4,0,1,8,24,.239,.338,.433,.770,112,29,4,2,0,0,0,D/7H3,lambja01
428,Jake Lamb*,31,SEA,AL,7,17,15,1,3,1,0,0,1,0,0,2,4,.200,.294,.267,.561,67,4,0,0,0,0,0,/79H5,lambja01
429,Jimmy Lambert,27,CHW,AL,1,0,0,0,0,0,0,0,0,0,0,0,0,,,,,,0,0,0,0,0,0,1,lambeji01
430,Shea Langeliers,24,OAK,AL,4,16,15,3,3,2,0,1,3,0,0,0,8,.200,.188,.533,.721,102,8,0,0,0,1,0,/D2,langesh01
431,Trevor Larnach*,25,MIN,AL,51,180,160,22,37,13,0,5,18,0,0,18,57,.231,.306,.406,.712,105,65,1,0,0,2,1,79/DH,larnatr01
432,Jack Larsen*,27,SEA,AL,1,1,1,0,0,0,0,0,0,0,0,0,1,.000,.000,.000,.000,-100,0,0,0,0,0,0,/9,larseja01
433,Ramon Laureano,27,OAK,AL,84,343,309,44,69,17,0,12,29,10,6,25,89,.223,.300,.395,.695,103,122,6,9,0,0,0,98/DH,laurera01
434,Bryan Lavastida,23,CLE,AL,6,15,12,0,1,0,0,0,0,0,0,3,4,.083,.267,.083,.350,8,1,0,0,0,0,0,/2,lavasbr01
435,Charles Leblanc,26,MIA,NL,17,57,55,5,18,4,0,1,2,3,2,2,14,.327,.351,.455,.805,126,25,0,0,0,0,0,5/4DH,leblach01
436,Khalil Lee*,24,NYM,NL,2,2,2,1,1,0,0,1,3,0,0,0,0,.500,.500,2.000,2.500,567,4,0,0,0,0,0,/8,leekh01
437,Korey Lee,23,HOU,AL,12,26,25,1,4,2,0,0,4,0,0,1,9,.160,.192,.240,.432,23,6,1,0,0,0,0,2/H,leeko01
438,DJ LeMahieu,33,NYY,AL,108,472,406,71,113,18,0,12,43,4,3,61,63,.278,.377,.411,.788,128,167,8,4,0,1,0,543/HD,lemahdj01
439,Sandy Leon#,33,TOT,AL,17,48,36,1,6,3,0,0,4,0,0,10,12,.167,.348,.250,.598,78,9,1,0,2,0,0,2/1,leonsa01
440,Sandy Leon#,33,CLE,AL,8,21,15,0,2,0,0,0,0,0,0,6,4,.133,.381,.133,.514,58,2,1,0,0,0,0,/21,leonsa01
441,Sandy Leon#,33,MIN,AL,9,27,21,1,4,3,0,0,4,0,0,4,8,.190,.320,.333,.653,91,7,0,0,2,0,0,/2,leonsa01
442,Kyle Lewis,26,SEA,AL,18,62,56,6,8,0,0,3,5,0,0,5,19,.143,.226,.304,.529,54,17,2,1,0,0,0,D/H97,lewisky01
443,Royce Lewis,23,MIN,AL,12,41,40,5,12,4,0,2,5,0,0,1,5,.300,.317,.550,.867,146,22,2,0,0,0,0,6/8,lewisro02
444,Francisco Lindor#,28,NYM,NL,121,531,469,80,128,17,4,21,84,13,3,48,100,.273,.347,.461,.807,128,216,5,8,0,6,2,*6/D,lindofr01
445,Jonathan Loaisiga,27,NYY,AL,1,0,0,0,0,0,0,0,0,0,0,0,0,,,,,,0,0,0,0,0,0,1,loaisjo01
446,Tim Locastro,29,NYY,AL,26,37,34,10,6,0,0,2,4,7,1,2,6,.176,.243,.353,.596,69,12,0,1,0,0,0,H/897D,locasti01
447,Evan Longoria,36,SFG,NL,59,198,174,25,43,7,0,10,22,0,0,21,51,.247,.328,.460,.788,120,80,4,1,0,2,1,5DH,longoev01
448,Christian Lopes,29,OAK,AL,4,10,9,0,0,0,0,0,0,0,0,1,5,.000,.100,.000,.100,-67,0,0,0,0,0,0,/4HD79,lopesch01
449,Alejo Lopez#,26,CIN,NL,34,77,69,6,20,3,0,0,2,2,1,6,11,.290,.364,.333,.697,91,23,0,2,0,0,0,4H/D7519,lopezal03
450,Jorge Lopez,29,TOT,AL,2,0,0,0,0,0,0,0,0,0,0,0,0,,,,,,0,0,0,0,0,0,1,lopezjo02
451,Jorge Lopez,29,BAL,AL,2,0,0,0,0,0,0,0,0,0,0,0,0,,,,,,0,0,0,0,0,0,1,lopezjo02
452,Nicky Lopez*,27,KCR,AL,113,393,358,41,85,11,2,0,15,12,2,23,57,.237,.290,.279,.569,63,100,5,4,7,1,0,465/HD1,lopezni01
453,Otto Lopez,23,TOR,AL,3,0,0,0,0,0,0,0,0,0,0,0,0,,,,,,0,0,0,0,0,0,/H8D,lopezot01
454,Reynaldo Lopez,28,CHW,AL,1,0,0,0,0,0,0,0,0,0,0,0,0,,,,,,0,0,0,0,0,0,1,lopezre01
455,Brandon Lowe*,27,TBR,AL,57,239,214,30,49,10,2,8,25,1,0,22,57,.229,.305,.407,.712,108,87,1,2,0,1,0,4D/H9,lowebr01
456,Josh Lowe*,24,TBR,AL,52,198,181,24,40,12,2,2,13,3,0,15,66,.221,.284,.343,.627,84,62,1,1,1,0,1,97/8DH,lowejo01
457,Nathaniel Lowe*,26,TEX,AL,115,469,435,53,128,20,2,17,53,2,2,32,110,.294,.345,.467,.812,132,203,7,2,0,0,2,*3/HD,lowena01
458,Jed Lowrie#,38,OAK,AL,50,184,167,14,30,5,0,3,16,1,0,15,39,.180,.245,.263,.508,50,44,5,0,0,2,0,D/H34,lowrije01
459,Seth Lugo,32,NYM,NL,1,0,0,0,0,0,0,0,0,0,0,0,0,,,,,,0,0,0,0,0,0,1,lugose01
460,Jordan Luplow,28,ARI,NL,71,195,171,24,28,5,0,11,26,5,1,20,54,.164,.262,.386,.648,81,66,3,3,0,1,1,9H7/D835,luplojo01
461,Gavin Lux*,24,LAD,NL,108,392,345,60,102,17,7,6,39,7,2,44,72,.296,.372,.438,.810,124,151,1,0,0,3,0,*47/6H,luxga01
462,Daniel Lynch*,25,KCR,AL,1,0,0,0,0,0,0,0,0,0,0,0,0,,,,,,0,0,0,0,0,0,1,lynchda02
463,Dixon Machado,30,SFG,NL,5,17,15,1,3,0,0,0,0,0,0,1,5,.200,.294,.200,.494,44,3,0,1,0,0,0,/6,machadi01
464,Manny Machado,29,SDP,NL,112,482,430,77,130,31,1,22,76,7,1,49,95,.302,.373,.533,.906,159,229,10,1,0,2,8,*5D/H,machama01
465,Vimael Machin*,28,OAK,AL,38,126,113,12,26,3,0,1,5,0,0,10,20,.230,.294,.283,.577,71,32,4,1,0,2,0,5/H4D6,machivi01
466,David MacKinnon,27,TOT,AL,19,51,44,1,7,0,0,0,6,0,0,6,14,.159,.255,.159,.414,22,7,2,0,0,1,0,3/H5,mackida01
467,David MacKinnon,27,LAA,AL,16,43,37,0,7,0,0,0,6,0,0,5,12,.189,.279,.189,.468,37,7,2,0,0,1,0,/3H5,mackida01
468,David MacKinnon,27,OAK,AL,3,8,7,1,0,0,0,0,0,0,0,1,2,.000,.125,.000,.125,-59,0,0,0,0,0,0,/3H,mackida01
469,Nick Madrigal,25,CHC,NL,44,168,154,17,40,5,0,0,5,2,0,9,22,.260,.313,.292,.605,72,45,4,3,2,0,0,4/H,madrini01
470,Bligh Madris*,26,PIT,NL,35,111,103,10,18,5,0,1,6,2,1,8,30,.175,.234,.252,.487,37,26,0,0,0,0,0,9/37HD8,madribl01
471,Luke Maile,31,CLE,AL,52,148,128,16,30,10,0,2,13,0,0,17,37,.234,.324,.359,.684,98,46,2,1,0,2,0,2,mailelu01
472,Martin Maldonado,35,HOU,AL,89,301,272,30,50,11,0,12,37,0,0,19,92,.184,.248,.357,.605,71,97,4,5,3,2,0,*2,maldoma01
473,Trey Mancini,30,TOT,AL,107,453,403,46,105,17,1,14,51,0,0,37,99,.261,.333,.412,.745,112,166,5,9,0,4,2,D39/7H,mancitr01
474,Trey Mancini,30,BAL,AL,92,401,354,39,95,16,1,10,41,0,0,35,86,.268,.347,.404,.751,114,143,4,9,0,3,2,D39/7H,mancitr01
475,Trey Mancini,30,HOU,AL,15,52,49,7,10,1,0,4,10,0,0,2,13,.204,.231,.469,.700,94,23,1,0,0,1,0,/D3H7,mancitr01
476,Tucupita Marcano*,22,PIT,NL,36,132,118,14,26,5,1,2,9,2,1,9,33,.220,.281,.331,.612,72,39,1,1,4,0,0,74/H96,marcatu01
477,Manuel Margot,27,TBR,AL,52,204,186,21,56,11,1,3,27,5,1,17,36,.301,.363,.419,.782,130,78,3,1,0,0,1,9D/78H,margoma01
478,Jake Marisnick,31,PIT,NL,31,82,77,9,18,6,0,2,6,2,1,4,24,.234,.272,.390,.661,84,30,2,0,1,0,1,87/H9,marisja01
479,Deven Marrero,31,NYM,NL,3,4,4,0,0,0,0,0,0,1,0,0,2,.000,.000,.000,.000,-100,0,0,0,0,0,0,/5DH6,marrede01
480,Brandon Marsh*,24,TOT,MLB,105,357,324,36,74,11,2,8,39,9,3,24,127,.228,.285,.349,.634,79,113,3,3,3,3,1,*78H/9,marshbr02
481,Brandon Marsh*,24,LAA,AL,93,323,292,34,66,9,2,8,37,8,2,22,117,.226,.284,.353,.637,80,103,2,3,3,3,1,*78/H9,marshbr02
482,Brandon Marsh*,24,PHI,NL,12,34,32,2,8,2,0,0,2,1,1,2,10,.250,.294,.313,.607,71,10,1,0,0,0,0,8/H,marshbr02
483,Ketel Marte#,28,ARI,NL,104,426,373,56,96,32,2,10,42,4,1,45,76,.257,.343,.434,.777,119,162,9,5,0,3,2,4D/H,marteke01
484,Starling Marte,33,NYM,NL,104,451,418,70,122,22,4,14,54,16,8,23,88,.292,.344,.464,.808,128,194,16,10,0,0,0,*9/8DH,martest01
485,Brett Martin*,27,TEX,AL,1,0,0,0,0,0,0,0,0,0,0,0,0,,,,,,0,0,0,0,0,0,1,martibr01
486,Richie Martin,27,BAL,AL,13,33,30,4,5,0,2,0,3,3,1,3,10,.167,.242,.300,.542,54,9,0,0,0,0,0,4/H6D,martiri01
487,J.D. Martinez,34,BOS,AL,103,446,396,58,109,35,0,9,46,0,0,40,109,.275,.345,.432,.777,116,171,14,5,0,5,1,*D,martijd02
488,Michael Massey*,24,KCR,AL,19,66,61,4,18,4,1,1,7,1,0,3,12,.295,.323,.443,.766,115,27,1,0,1,1,0,4/H5,massemi02
489,Jorge Mateo,27,BAL,AL,112,403,372,52,86,18,6,12,39,27,7,21,113,.231,.281,.409,.689,94,152,4,5,2,1,0,*6/H,mateojo01
490,Mark Mathias,27,TOT,MLB,10,26,25,4,6,1,0,2,7,1,0,0,6,.240,.231,.520,.751,106,13,0,0,0,1,0,/4DH5,mathima01
491,Mark Mathias,27,MIL,NL,6,17,16,2,2,0,0,1,4,1,0,0,4,.125,.118,.313,.430,16,5,0,0,0,1,0,/4,mathima01
492,Mark Mathias,27,TEX,AL,4,9,9,2,4,1,0,1,3,0,0,0,2,.444,.444,.889,1.333,273,8,0,0,0,0,0,/DH5,mathima01
493,J.J. Matijevic*,26,HOU,AL,27,59,55,7,11,2,0,2,4,1,0,2,19,.200,.254,.345,.600,70,19,1,2,0,0,0,H/3D7,matijjj01
494,Nick Maton*,25,PHI,NL,8,26,23,6,8,1,1,2,8,0,0,2,8,.348,.423,.739,1.162,219,17,0,1,0,0,0,/47,matonni01
495,Jack Mayfield,31,LAA,AL,23,74,70,8,13,1,1,1,6,1,0,3,17,.186,.230,.271,.501,42,19,1,1,0,0,0,4/5H97D1,mayfija01
496,Nomar Mazara*,27,SDP,NL,55,171,159,16,42,8,0,2,18,0,0,10,40,.264,.316,.352,.668,94,56,3,2,0,0,0,9H/7,mazarno01
497,Patrick Mazeika*,28,NYM,NL,24,72,68,4,13,4,0,1,6,0,0,2,9,.191,.214,.294,.508,43,20,0,0,2,0,0,2/H3,mazeipa01
498,James McCann,32,NYM,NL,40,125,114,10,20,4,0,2,13,2,0,5,29,.175,.232,.263,.495,41,30,4,4,0,2,0,2/3H,mccanja02
499,Jake McCarthy*,24,ARI,NL,63,200,183,31,50,12,1,4,21,9,1,14,44,.273,.332,.415,.747,111,76,2,2,1,0,0,97H/8D,mccarja02
500,Chas McCormick,27,HOU,AL,89,308,272,35,65,10,2,12,37,1,2,34,78,.239,.325,.423,.747,113,115,5,1,0,1,0,*789/HD,mccorch01
501,Andrew McCutchen,35,MIL,NL,102,447,400,58,100,21,0,14,56,8,5,40,83,.250,.320,.408,.727,104,163,9,3,0,4,0,D79/8H,mccutan01
502,Mickey McDonald#,27,OAK,AL,4,6,4,0,0,0,0,0,0,0,0,2,3,.000,.333,.000,.333,10,0,0,0,0,0,0,/H8D9,mcdonmi01
503,Reese McGuire*,27,TOT,AL,63,201,183,16,46,10,0,0,13,0,0,7,40,.251,.282,.306,.588,67,56,3,2,5,3,0,2/HD,mcguire01
504,Reese McGuire*,27,CHW,AL,53,166,151,12,34,9,0,0,10,0,0,6,33,.225,.261,.285,.546,55,43,2,2,5,2,0,2/HD,mcguire01
505,Reese McGuire*,27,BOS,AL,10,35,32,4,12,1,0,0,3,0,0,1,7,.375,.382,.406,.789,121,13,1,0,0,1,0,/2H,mcguire01
506,Ryan McKenna,25,BAL,AL,80,140,127,20,33,9,0,2,11,2,0,8,46,.260,.312,.378,.690,96,48,3,2,2,1,1,7H98/D,mckenry01
507,Billy McKinney*,27,OAK,AL,23,57,52,3,5,1,0,1,4,0,0,4,16,.096,.158,.173,.331,-2,9,0,0,0,1,1,9/3H7D,mckinbi01
508,Zach McKinstry*,27,TOT,NL,24,60,55,6,9,2,0,1,2,3,0,5,19,.164,.233,.255,.488,37,14,0,0,0,0,0,5/4H9D76,mckinza01
509,Zach McKinstry*,27,LAD,NL,10,14,11,4,1,0,0,1,2,0,0,3,4,.091,.286,.364,.649,78,4,0,0,0,0,0,/94DH576,mckinza01
510,Zach McKinstry*,27,CHC,NL,14,46,44,2,8,2,0,0,0,3,0,2,15,.182,.217,.227,.445,25,10,0,0,0,0,0,5/4H,mckinza01
511,Ryan McMahon*,27,COL,NL,115,453,396,47,99,18,3,12,55,7,3,51,117,.250,.340,.402,.741,99,159,4,4,0,2,0,*5/34DH,mcmahry01
512,Jeff McNeil*,30,NYM,NL,108,420,384,53,122,31,1,7,49,2,0,27,54,.318,.371,.458,.830,135,176,4,7,0,2,0,47/DH95,mcneije01
513,Austin Meadows*,27,DET,AL,36,147,128,9,32,6,2,0,11,0,1,16,17,.250,.347,.328,.675,98,42,2,3,0,0,0,97/DH,meadoau01
514,Adonis Medina,25,NYM,NL,2,0,0,0,0,0,0,0,0,0,0,0,0,,,,,,0,0,0,0,0,0,1,medinad01
515,Francisco Mejia#,26,TBR,AL,68,223,216,28,58,16,0,6,27,0,0,5,51,.269,.287,.426,.713,107,92,4,1,0,1,0,2H/D3,mejiafr01
516,Mark Melancon,37,ARI,NL,2,0,0,0,0,0,0,0,0,0,0,0,0,,,,,,0,0,0,0,0,0,1,melanma01
517,MJ Melendez*,23,KCR,AL,91,366,316,37,71,14,2,14,41,0,1,45,93,.225,.320,.415,.734,107,131,2,1,0,4,1,2D9/7H,melenmj01
518,Danny Mendick,28,CHW,AL,31,106,97,22,28,4,1,3,15,1,0,7,23,.289,.343,.443,.786,122,43,2,1,1,0,0,6/457H,mendida01
519,Joey Meneses,30,WSN,NL,16,65,62,10,20,1,0,5,7,0,0,3,9,.323,.354,.581,.934,165,36,5,0,0,0,0,3/97H,menesjo01
520,Oscar Mercado,27,TOT,MLB,55,128,121,17,25,6,1,4,16,2,2,5,29,.207,.242,.372,.614,74,45,4,1,0,1,0,97H/8D,mercaos01
521,Oscar Mercado,27,CLE,AL,54,127,120,17,25,6,1,4,16,2,2,5,28,.208,.244,.375,.619,76,45,4,1,0,1,0,97H/8D,mercaos01
522,Oscar Mercado,27,PHI,NL,1,1,1,0,0,0,0,0,0,0,0,0,1,.000,.000,.000,.000,-100,0,0,0,0,0,0,/8H,mercaos01
523,Yermin Mercedes,29,SFG,NL,30,80,70,9,17,5,0,1,8,0,0,9,17,.243,.338,.357,.695,97,25,1,1,0,0,0,D/H732,merceye01
524,Whit Merrifield,33,TOT,AL,107,461,421,56,101,23,1,6,43,16,3,33,70,.240,.291,.342,.633,80,144,8,0,0,7,0,498/DH,merriwh01
525,Whit Merrifield,33,KCR,AL,95,420,383,51,92,23,1,6,42,15,3,30,61,.240,.290,.352,.643,82,135,8,0,0,7,0,49/8D,merriwh01
526,Whit Merrifield,33,TOR,AL,12,41,38,5,9,0,0,0,1,1,0,3,9,.237,.293,.237,.530,55,9,0,0,0,0,0,/84H9,merriwh01
527,Jake Meyers,26,HOU,AL,42,140,131,11,28,6,2,1,14,0,1,6,45,.214,.257,.313,.570,63,41,1,2,0,1,0,8/H,meyerja02
528,Keynan Middleton,28,ARI,NL,1,0,0,0,0,0,0,0,0,0,0,0,0,,,,,,0,0,0,0,0,0,1,middlke01
529,Brad Miller*,32,TEX,AL,75,227,209,18,42,2,0,7,29,4,2,17,65,.201,.260,.311,.571,65,65,3,0,0,1,0,75DH/9,millebr02
530,Owen Miller,25,CLE,AL,105,388,347,45,83,24,1,5,44,1,0,25,76,.239,.296,.357,.654,88,124,7,7,0,9,1,34DH/5,milleow01
531,Alec Mills,30,CHC,NL,1,0,0,0,0,0,0,0,0,0,0,0,0,,,,,,0,0,0,0,0,0,/1,millsal02
532,Wyatt Mills,27,TOT,AL,1,0,0,0,0,0,0,0,0,0,0,0,0,,,,,,0,0,0,0,0,0,1,millswy01
533,Wyatt Mills,27,SEA,AL,1,0,0,0,0,0,0,0,0,0,0,0,0,,,,,,0,0,0,0,0,0,/1,millswy01
534,Jose Miranda,24,MIN,AL,81,301,281,31,80,15,0,13,53,1,1,14,59,.285,.332,.477,.809,132,134,8,6,0,0,0,35D/H,miranjo01
535,Calvin Mitchell*,23,PIT,NL,44,146,137,12,28,6,0,4,13,1,0,7,36,.204,.241,.336,.577,60,46,3,0,1,1,0,9/DH,mitchca01
536,Yadier Molina,39,STL,NL,52,185,180,12,40,5,0,2,12,1,0,4,31,.222,.243,.283,.527,53,51,6,1,0,0,0,2/13,molinya01
537,Yoan Moncada#,27,CHW,AL,76,307,280,27,56,11,1,7,40,0,0,24,85,.200,.267,.321,.589,67,90,4,2,0,1,1,5/H,moncayo01
538,Adalberto Mondesí#,26,KCR,AL,15,54,50,3,7,0,0,0,3,5,0,4,20,.140,.204,.140,.344,1,7,2,0,0,0,0,6,mondera02
539,Mickey Moniak*,24,TOT,MLB,23,65,60,8,10,1,0,2,5,0,0,3,24,.167,.219,.283,.502,41,17,0,1,1,0,0,8/H9D,moniami01
540,Mickey Moniak*,24,PHI,NL,18,50,46,4,6,1,0,0,2,0,0,3,19,.130,.184,.152,.336,-4,7,0,0,1,0,0,8/H9D,moniami01
541,Mickey Moniak*,24,LAA,AL,5,15,14,4,4,0,0,2,3,0,0,0,5,.286,.333,.714,1.048,187,10,0,1,0,0,0,/8,moniami01
542,Elehuris Montero,23,COL,NL,28,100,97,12,24,9,0,3,12,0,0,2,32,.247,.270,.433,.703,85,42,3,1,0,0,0,/3D5H,monteel01
543,Dylan Moore,29,SEA,AL,82,193,153,28,31,7,2,5,16,13,5,27,59,.203,.356,.373,.729,115,57,2,10,1,1,1,9H67/348D5,mooredy01
544,Colin Moran*,29,CIN,NL,37,117,100,8,21,3,0,4,22,0,0,14,27,.210,.299,.360,.659,78,36,3,0,0,3,0,35/HD,moranco01
545,Christopher Morel,23,CHC,NL,76,311,279,47,72,13,4,12,34,9,6,27,95,.258,.326,.462,.788,118,129,5,2,1,2,0,84/56HD,morelch01
546,Gabriel Moreno,22,TOR,AL,18,60,58,3,16,1,0,0,4,0,0,2,7,.276,.300,.293,.593,72,17,2,0,0,0,0,2/H,morenga01
547,Dauri Moreta,26,CIN,NL,1,0,0,0,0,0,0,0,0,0,0,0,0,,,,,,0,0,0,0,0,0,1,moretda01
548,Taylor Motter,32,CIN,NL,2,6,6,0,1,0,0,0,0,0,0,0,3,.167,.167,.167,.333,-9,1,0,0,0,0,0,/54,motteta01
549,Ryan Mountcastle,25,BAL,AL,105,447,412,49,103,24,0,17,61,4,1,28,110,.250,.298,.432,.730,105,178,12,2,0,5,1,*3D/H,mountry01
550,Mike Moustakas*,33,CIN,NL,75,272,239,28,49,11,0,6,22,2,0,24,72,.205,.290,.326,.617,67,78,8,6,0,3,0,D53/H,moustmi01
551,Cedric Mullins*,27,BAL,AL,116,506,456,64,121,28,2,11,49,25,7,37,88,.265,.325,.408,.733,108,186,3,6,1,5,1,*8/HD,mullice01
552,Max Muncy*,31,LAD,NL,98,400,328,50,61,15,1,15,45,2,0,66,103,.186,.323,.375,.698,93,123,2,2,0,4,1,54D/H3,muncyma01
553,Yairo Munoz,27,PHI,NL,23,53,50,6,11,2,0,3,7,1,0,3,10,.220,.264,.440,.704,94,22,0,0,0,0,0,4/5H9,munozya01
554,Sean Murphy,27,OAK,AL,110,451,397,52,99,27,1,16,52,1,0,40,91,.249,.329,.443,.772,125,176,12,9,0,4,2,*2D/H,murphse01
555,Tom Murphy,31,SEA,AL,14,42,33,9,10,2,0,1,1,0,0,8,13,.303,.439,.455,.894,164,15,1,0,0,0,0,2/HD,murphto04
556,Simon Muzziotti*,23,PHI,NL,9,9,7,0,1,0,0,0,0,0,0,0,2,.143,.250,.143,.393,15,1,0,1,1,0,0,/8H,muzzisi01
557,Wil Myers,31,SDP,NL,46,178,163,15,40,9,0,1,24,0,0,11,54,.245,.292,.319,.611,78,52,5,1,0,3,1,9/387H1,myerswi01
558,Tyler Naquin*,31,TOT,NL,74,253,234,37,57,14,4,10,40,4,2,15,67,.244,.298,.466,.763,105,109,2,3,1,0,2,97DH/8,naquity01
559,Tyler Naquin*,31,CIN,NL,56,204,187,29,46,12,2,7,33,3,2,13,53,.246,.305,.444,.749,100,83,1,3,1,0,2,9D/H8,naquity01
560,Tyler Naquin*,31,NYM,NL,18,49,47,8,11,2,2,3,7,1,0,2,14,.234,.265,.553,.818,125,26,1,0,0,0,0,7/9H,naquity01
561,Omar Narvaez*,30,MIL,NL,61,219,193,17,45,10,1,4,18,0,0,22,44,.233,.320,.358,.677,92,69,3,3,0,1,1,2/DH,narvaom01
562,Josh Naylor*,25,CLE,AL,86,342,310,33,85,18,0,15,57,4,0,25,54,.274,.330,.477,.808,130,148,10,3,0,4,2,3D/H9,naylojo01
563,Kyle Nelson*,25,ARI,NL,2,0,0,0,0,0,0,0,0,0,0,0,0,,,,,,0,0,0,0,0,0,1,nelsoky01
564,Sheldon Neuse,27,OAK,AL,74,262,243,22,55,4,2,4,24,6,1,17,71,.226,.282,.309,.591,74,75,3,2,0,0,0,543/DH1,neusesh01
565,Tyler Nevin,25,BAL,AL,55,179,153,17,30,4,0,2,16,0,0,19,46,.196,.296,.261,.558,62,40,4,4,0,3,0,5/3D79,nevinty01
566,Kevin Newman,28,PIT,NL,49,203,189,23,52,14,2,0,17,5,2,11,36,.275,.320,.370,.691,94,70,4,2,0,1,0,46/H,newmake01
567,Tomás Nido,28,NYM,NL,74,239,214,20,48,9,0,0,19,0,0,13,62,.224,.271,.266,.537,54,57,8,1,10,1,0,2/H,nidoto01
568,Brandon Nimmo*,29,NYM,NL,113,504,438,73,116,24,5,10,41,0,2,47,86,.265,.353,.411,.764,117,180,8,14,2,3,0,*8,nimmobr01
569,Austin Nola,32,SDP,NL,83,307,266,30,65,10,0,3,31,2,1,29,49,.244,.322,.316,.638,87,84,3,5,0,7,1,2/DH45,nolaau01
570,Lars Nootbaar*,24,STL,NL,66,196,161,32,39,7,3,6,26,3,0,30,44,.242,.357,.435,.792,129,70,2,1,0,4,0,9H/8D7,nootbla01
571,Daniel Norris*,29,TOT,MLB,1,0,0,0,0,0,0,0,0,0,0,0,0,,,,,,0,0,0,0,0,0,1,norrida01
572,Daniel Norris*,29,CHC,NL,1,0,0,0,0,0,0,0,0,0,0,0,0,,,,,,0,0,0,0,0,0,1,norrida01
573,Dom Nunez*,27,COL,NL,14,41,33,3,4,1,0,0,2,0,0,6,10,.121,.244,.152,.395,10,5,0,0,0,2,0,2,nunezdo01
574,Ryan O'Hearn*,28,KCR,AL,48,98,89,7,19,3,1,1,10,0,0,7,28,.213,.276,.303,.579,65,27,1,1,0,1,0,H3/9D,ohearry01
575,Tyler O'Neill,27,STL,NL,71,288,256,38,59,9,1,7,41,9,4,23,80,.230,.299,.355,.654,89,91,7,4,0,5,0,7/8DH,oneilty01
576,Rougned Odor*,28,BAL,AL,107,371,339,39,69,16,3,11,43,3,1,23,89,.204,.261,.366,.627,77,124,8,5,0,4,1,*4H/5D,odorro01
577,Shohei Ohtani*,27,LAA,AL,116,499,433,67,115,18,5,27,72,11,8,59,118,.266,.357,.517,.874,145,224,4,4,0,3,12,*D1/H,ohtansh01
578,Chris Okey,27,CIN,NL,7,13,12,3,2,0,0,0,0,0,0,0,5,.167,.231,.167,.397,10,2,0,1,0,0,0,/2,okeych01
579,Edward Olivares,26,KCR,AL,36,109,99,15,30,4,0,3,12,2,3,7,24,.303,.358,.434,.792,124,43,1,2,0,1,0,9H/7D8,olivaed02
580,Matt Olson*,28,ATL,NL,122,536,472,61,117,37,0,25,81,0,0,58,130,.248,.332,.485,.817,123,229,10,3,0,3,5,*3,olsonma02
581,Rafael Ortega*,31,CHC,NL,101,323,274,30,63,13,1,6,27,9,7,39,63,.230,.324,.350,.674,90,96,9,2,1,6,1,8DH97,ortegra01
582,James Outman*,25,LAD,NL,4,16,13,6,6,2,0,1,3,0,0,2,7,.462,.563,.846,1.409,283,11,0,1,0,0,0,/7D9,outmaja01
583,Chris Owings,30,BAL,AL,26,68,56,6,6,2,0,0,0,1,0,10,24,.107,.254,.143,.397,18,8,3,1,1,0,0,4/6H571,owingch01
584,Marcell Ozuna,31,ATL,NL,107,448,415,50,89,14,0,20,46,2,1,27,107,.214,.263,.393,.656,79,163,11,2,0,4,0,D7,ozunama01
585,Cristian Pache,23,OAK,AL,68,214,201,15,32,5,1,2,13,1,2,11,56,.159,.203,.224,.427,26,45,4,0,2,0,0,8/H,pachecr01
586,Kevin Padlo,25,TOT,MLB,12,30,29,0,4,1,0,0,3,0,0,1,9,.138,.167,.172,.339,-2,5,2,0,0,0,0,/35H,padloke01
587,Kevin Padlo,25,TOT,NL,6,19,19,0,2,0,0,0,0,0,0,0,4,.105,.105,.105,.211,-40,2,2,0,0,0,0,/53,padloke01
588,Kevin Padlo,25,SFG,NL,4,12,12,0,2,0,0,0,0,0,0,0,4,.167,.167,.167,.333,-5,2,1,0,0,0,0,/53,padloke01
589,Kevin Padlo,25,SEA,AL,6,11,10,0,2,1,0,0,3,0,0,1,5,.200,.273,.300,.573,69,3,0,0,0,0,0,/3H,padloke01
590,Kevin Padlo,25,PIT,NL,2,7,7,0,0,0,0,0,0,0,0,0,0,.000,.000,.000,.000,-100,0,1,0,0,0,0,/35,padloke01
591,Jermaine Palacios,25,MIN,AL,8,28,24,3,5,0,0,0,2,0,0,2,7,.208,.259,.208,.468,39,5,0,0,1,1,0,/6,palacje01
592,Josh Palacios*,26,WSN,NL,8,16,16,2,3,1,0,0,0,0,0,0,4,.188,.188,.250,.438,26,4,0,0,0,0,0,/9HD7,palacjo01
593,Richie Palacios*,25,CLE,AL,39,93,84,6,21,5,0,0,10,1,0,7,14,.250,.312,.310,.621,81,26,0,1,0,1,0,7H/D4,palacri01
594,Michael Papierski#,26,TOT,NL,38,98,87,7,12,1,0,1,4,0,0,10,26,.138,.227,.184,.411,14,16,3,0,1,0,0,2/3H,papiemi01
595,Michael Papierski#,26,SFG,NL,5,10,9,1,0,0,0,0,0,0,0,1,4,.000,.100,.000,.100,-68,0,0,0,0,0,0,/23H,papiemi01
596,Michael Papierski#,26,CIN,NL,33,88,78,6,12,1,0,1,4,0,0,9,22,.154,.241,.205,.447,23,16,3,0,1,0,0,2,papiemi01
597,Isaac Paredes,23,TBR,AL,73,263,236,37,52,13,0,14,34,0,1,23,43,.220,.293,.453,.746,116,107,8,2,0,2,0,543/H,paredis01
598,Hoy Park*,26,PIT,NL,22,59,50,7,11,2,0,2,6,1,0,4,15,.220,.281,.380,.661,84,19,0,1,2,2,0,4/5H69,parkho01
599,Vinnie Pasquantino*,24,KCR,AL,47,194,170,17,46,6,0,8,15,0,0,21,26,.271,.356,.447,.803,127,76,2,2,0,1,1,D3,pasquvi01
600,Joel Payamps,28,KCR,AL,1,0,0,0,0,0,0,0,0,0,0,0,0,,,,,,0,0,0,0,0,0,1,payamjo01
601,Joc Pederson*,30,SFG,NL,100,324,288,39,72,16,0,18,47,3,2,27,69,.250,.324,.493,.817,127,142,5,6,0,3,3,*7H9D,pederjo01
602,Liover Peguero,21,PIT,NL,1,4,3,0,1,0,0,0,0,0,0,1,2,.333,.500,.333,.833,142,1,0,0,0,0,0,/6,pegueli01
603,Jeremy Pena,24,HOU,AL,98,404,375,52,93,15,1,16,43,7,2,19,100,.248,.290,.421,.712,101,158,3,5,0,4,0,*6/H,penaje02
604,David Peralta*,34,TOT,MLB,101,368,334,32,83,21,3,12,45,1,2,29,89,.249,.310,.437,.747,111,146,7,2,0,3,4,*7H/D,peralda01
605,David Peralta*,34,ARI,NL,87,310,278,29,69,19,2,12,41,1,2,27,74,.248,.316,.460,.777,117,128,6,2,0,3,4,7H/D,peralda01
606,David Peralta*,34,TBR,AL,14,58,56,3,14,2,1,0,4,0,0,2,15,.250,.276,.321,.597,76,18,1,0,0,0,0,7/D,peralda01
607,Geraldo Perdomo#,22,ARI,NL,109,377,326,45,62,9,2,4,27,6,2,38,79,.190,.283,.267,.549,58,87,3,4,9,0,0,*6/54H,perdoge01
608,Cionel Pérez,26,BAL,AL,2,0,0,0,0,0,0,0,0,0,0,0,0,,,,,,0,0,0,0,0,0,1,perezci01
609,Joe Perez,22,HOU,AL,1,1,1,0,0,0,0,0,0,0,0,0,1,.000,.000,.000,.000,-100,0,0,0,0,0,0,/5H,perezjo02
610,Michael Perez*,29,TOT,NL,44,127,117,9,17,0,0,6,13,1,0,9,30,.145,.206,.299,.505,40,35,2,0,1,0,0,2/H,perezmi03
611,Michael Perez*,29,PIT,NL,39,116,107,8,16,0,0,6,11,1,0,8,26,.150,.209,.318,.526,46,34,2,0,1,0,0,2/H,perezmi03
612,Michael Perez*,29,NYM,NL,5,11,10,1,1,0,0,0,2,0,0,1,4,.100,.182,.100,.282,-16,1,0,0,0,0,0,/2,perezmi03
613,Roberto Perez,33,PIT,NL,21,69,60,8,14,2,0,2,8,0,0,9,25,.233,.333,.367,.700,97,22,1,0,0,0,0,2/H,perezro02
614,Salvador Perez,32,KCR,AL,80,332,313,34,70,16,1,17,54,0,0,12,92,.224,.262,.444,.706,96,139,8,5,0,2,1,2D,perezsa02
615,Jace Peterson*,32,MIL,NL,80,241,214,33,54,12,2,8,30,10,1,22,61,.252,.325,.439,.764,114,94,6,2,1,2,1,5H9/374,peterja01
616,Tommy Pham,34,TOT,MLB,107,459,410,69,100,18,1,14,52,7,2,44,123,.244,.316,.395,.711,92,162,16,1,0,4,0,*7/DH,phamth01
617,Tommy Pham,34,CIN,NL,91,387,340,57,81,11,1,11,39,7,2,42,100,.238,.320,.374,.694,87,127,13,1,0,4,0,*7/DH,phamth01
618,Tommy Pham,34,BOS,AL,16,72,70,12,19,7,0,3,13,0,0,2,23,.271,.292,.500,.792,116,35,3,0,0,0,0,7,phamth01
619,Brett Phillips*,28,TOT,AL,83,225,201,22,29,6,0,5,15,7,0,16,94,.144,.217,.249,.466,37,50,0,3,4,1,0,89H/71D,phillbr02
620,Brett Phillips*,28,TBR,AL,75,208,184,21,27,4,0,5,14,7,0,16,85,.147,.225,.250,.475,40,46,0,3,4,1,0,89/H1D7,phillbr02
621,Brett Phillips*,28,BAL,AL,8,17,17,1,2,2,0,0,1,0,0,0,9,.118,.118,.235,.353,-2,4,0,0,0,0,0,/7H9D,phillbr02
622,Evan Phillips,27,LAD,NL,1,1,0,0,0,0,0,0,0,0,0,1,0,,1.000,,,,0,0,0,0,0,0,1,phillev01
623,Kevin Pillar,33,LAD,NL,4,13,12,1,1,1,0,0,0,0,0,1,4,.083,.154,.167,.321,-11,2,1,0,0,0,0,/78,pillake01
624,Manny Pina,35,ATL,NL,5,17,14,1,2,0,0,0,2,0,0,1,1,.143,.235,.143,.378,9,2,0,1,0,1,0,/2,pinama01
625,Chad Pinder,30,OAK,AL,82,301,287,28,68,15,0,10,36,2,0,11,96,.237,.263,.394,.657,90,113,7,0,1,2,0,7D9/H531,pindech01
626,Rene Pinto,25,TBR,AL,22,71,68,3,14,1,0,2,9,0,0,2,31,.206,.239,.309,.548,60,21,2,1,0,0,0,2,pintore02
627,Stephen Piscotty,31,OAK,AL,42,139,126,12,24,4,0,5,14,2,0,9,48,.190,.252,.341,.593,73,43,2,2,0,2,1,9/D7H,piscost01
628,Kevin Plawecki,31,BOS,AL,50,144,129,10,23,5,0,1,9,0,0,11,24,.178,.252,.240,.492,39,31,5,2,1,1,0,2/H1,plaweke01
629,Nick Plummer*,25,NYM,NL,14,31,29,4,4,1,0,2,6,0,0,1,12,.138,.194,.379,.573,58,11,1,1,0,0,0,/D97H,plummni01
630,Jorge Polanco#,28,MIN,AL,97,420,356,51,83,15,0,15,55,3,3,60,86,.233,.340,.402,.742,115,143,4,0,0,4,1,*4/6D,polanjo01
631,AJ Pollock,34,CHW,AL,100,373,345,41,82,20,1,7,39,1,1,24,72,.238,.287,.362,.649,83,125,9,1,0,3,0,*789/H,polloaj01
632,Zach Pop,25,TOT,MLB,1,0,0,0,0,0,0,0,0,0,0,0,0,,,,,,0,0,0,0,0,0,1,popza01
633,Zach Pop,25,MIA,NL,1,0,0,0,0,0,0,0,0,0,0,0,0,,,,,,0,0,0,0,0,0,1,popza01
634,Sean Poppen,28,ARI,NL,2,0,0,0,0,0,0,0,0,0,0,0,0,,,,,,0,0,0,0,0,0,1,poppese01
635,Nick Pratto*,23,KCR,AL,30,107,92,9,16,5,1,3,8,0,0,12,38,.174,.271,.348,.619,75,32,5,1,0,2,0,3/7H9,prattni01
636,David Price*,36,LAD,NL,1,0,0,0,0,0,0,0,0,0,0,0,0,,,,,,0,0,0,0,0,0,1,priceda01
637,Jurickson Profar#,29,SDP,NL,115,503,435,68,105,26,2,12,47,5,1,61,74,.241,.337,.393,.730,112,171,10,3,2,2,0,*7/DH,profaju01
638,Albert Pujols,42,STL,NL,70,226,197,25,53,9,0,13,37,1,2,19,37,.269,.345,.513,.858,145,101,8,6,0,4,1,DH3/1,pujolal01
639,Roman Quinn#,29,TOT,MLB,44,87,79,15,17,3,2,0,7,4,3,7,36,.215,.287,.304,.591,71,24,0,1,0,0,0,87H/9,quinnro01
640,Roman Quinn#,29,PHI,NL,23,40,37,8,6,1,0,0,3,4,1,3,15,.162,.225,.189,.414,19,7,0,0,0,0,0,8/H79,quinnro01
641,Roman Quinn#,29,TBR,AL,21,47,42,7,11,2,2,0,4,0,2,4,21,.262,.340,.405,.745,119,17,0,1,0,0,0,/87H9,quinnro01
642,Cal Raleigh#,25,SEA,AL,88,307,275,31,57,15,1,18,42,1,0,27,93,.207,.280,.465,.746,115,128,4,2,0,3,0,*2H,raleica01
643,Luke Raley*,27,TBR,AL,22,72,61,7,12,2,0,1,4,0,0,7,24,.197,.306,.279,.584,74,17,1,3,0,1,0,/97D3H,raleylu01
644,Harold Ramirez,27,TBR,AL,82,281,257,34,85,17,0,5,36,3,5,16,38,.331,.377,.455,.832,144,117,4,5,0,3,1,D9H3/7,ramirha02
645,Jose Ramirez#,29,CLE,AL,116,501,445,67,125,37,4,23,99,14,5,47,51,.281,.351,.537,.888,152,239,4,4,0,5,8,*5D,ramirjo01
646,Noe Ramirez,32,ARI,NL,1,0,0,0,0,0,0,0,0,0,0,0,0,,,,,,0,0,0,0,0,0,1,ramirno01
647,Heliot Ramos,22,SFG,NL,7,14,13,2,2,0,0,0,0,0,0,1,3,.154,.214,.154,.368,7,2,1,0,0,0,0,/97H,ramoshe02
648,J.T. Realmuto,31,PHI,NL,102,413,368,53,97,18,4,13,56,15,0,32,89,.264,.334,.440,.774,116,162,6,9,0,4,0,*2/H3D,realmjt01
649,Jake Reed,29,TOT,NL,1,0,0,0,0,0,0,0,0,0,0,0,0,,,,,,0,0,0,0,0,0,/1,reedja02
650,Jake Reed,29,LAD,NL,1,0,0,0,0,0,0,0,0,0,0,0,0,,,,,,0,0,0,0,0,0,/1,reedja02
651,Rob Refsnyder,31,BOS,AL,36,115,98,18,32,8,0,4,14,0,1,12,24,.327,.409,.531,.939,161,52,1,3,0,2,0,9H/8D7,refsnro01
652,Zach Reks*,28,TEX,AL,16,34,34,3,9,1,0,0,3,0,1,0,10,.265,.265,.294,.559,62,10,0,0,0,0,0,7/H9,reksza01
653,Anthony Rendon,32,LAA,AL,45,188,162,15,37,10,0,5,24,2,0,23,32,.228,.324,.383,.707,101,62,7,1,0,2,0,5/H,rendoan01
654,Hunter Renfroe,30,MIL,NL,85,351,318,43,78,14,1,22,50,1,1,25,85,.245,.306,.503,.809,124,160,9,4,1,3,0,9/D3,renfrhu01
655,Luis Rengifo#,25,LAA,AL,86,333,316,30,86,18,3,9,34,5,1,13,53,.272,.307,.434,.741,108,137,5,3,1,0,0,456/H97,rengilu01
656,Franmil Reyes,26,TOT,MLB,80,323,304,29,70,12,2,11,35,2,0,15,115,.230,.266,.391,.658,87,119,9,1,0,3,0,D9/H7,reyesfr01
657,Franmil Reyes,26,CLE,AL,70,280,263,24,56,9,0,9,28,2,0,14,104,.213,.254,.350,.603,72,92,8,1,0,2,0,D9/H7,reyesfr01
658,Franmil Reyes,26,CHC,NL,10,43,41,5,14,3,2,2,7,0,0,1,11,.341,.349,.659,1.007,174,27,1,0,0,1,0,D,reyesfr01
659,Pablo Reyes,28,MIL,NL,4,15,14,1,4,0,0,0,0,0,0,1,2,.286,.333,.286,.619,78,4,0,0,0,0,0,/65,reyespa01
660,Victor Reyes#,27,DET,AL,62,214,203,15,56,11,1,1,19,2,2,9,50,.276,.308,.355,.663,92,72,4,1,0,1,0,9/7H8D,reyesvi01
661,Bryan Reynolds#,27,PIT,NL,104,435,382,55,100,14,3,20,46,5,3,44,100,.262,.347,.471,.818,128,180,8,7,0,2,3,*8D/H,reynobr01
662,Matt Reynolds,31,TOT,NL,76,225,203,30,50,8,1,3,20,5,0,20,66,.246,.316,.340,.655,78,69,6,1,0,1,0,46H9/53718D,reynoma03
663,Matt Reynolds,31,NYM,NL,1,0,0,0,0,0,0,0,0,0,0,0,0,,,,,,0,0,0,0,0,0,/9,reynoma03
664,Matt Reynolds,31,CIN,NL,75,225,203,30,50,8,1,3,20,5,0,20,66,.246,.316,.340,.655,78,69,6,1,0,1,0,46H9/53718D,reynoma03
665,JT Riddle*,30,CIN,NL,2,4,4,0,1,0,0,0,0,0,0,0,1,.250,.250,.250,.500,36,1,0,0,0,0,0,/5H,riddljt01
666,Austin Riley,25,ATL,NL,120,523,471,71,136,34,2,31,78,2,0,38,126,.289,.356,.567,.923,150,267,9,12,0,2,1,*5/H,rileyau01
667,Edwin Rios*,28,LAD,NL,27,92,86,12,21,1,0,7,17,0,1,5,36,.244,.293,.500,.793,114,43,2,1,0,0,1,D/H35,riosed01
668,Alfonso Rivas*,25,CHC,NL,71,201,177,19,41,4,1,3,24,3,0,20,63,.232,.313,.316,.630,78,56,1,2,0,2,1,3/HD79,rivasal01
669,Emmanuel Rivera,26,TOT,MLB,76,263,242,34,59,12,3,10,28,0,2,17,59,.244,.304,.442,.746,109,107,7,4,0,0,0,5/HD3,riverem01
670,Emmanuel Rivera,26,KCR,AL,63,211,198,24,47,8,3,6,22,0,0,11,46,.237,.284,.399,.683,92,79,7,2,0,0,0,5/HD3,riverem01
671,Emmanuel Rivera,26,ARI,NL,13,52,44,10,12,4,0,4,6,0,2,6,13,.273,.385,.636,1.021,183,28,0,2,0,0,0,/5D3H,riverem01
672,Sebastian Rivero,23,KCR,AL,7,14,12,0,0,0,0,0,0,0,0,1,6,.000,.077,.000,.077,-75,0,0,0,1,0,0,/2,riverse01
673,Anthony Rizzo*,32,NYY,AL,108,456,386,66,85,19,1,28,68,6,3,51,85,.220,.336,.492,.828,135,190,10,17,0,2,5,*3/DH,rizzoan01
674,Luis Robert,24,CHW,AL,84,358,338,52,102,15,0,12,56,11,3,16,66,.302,.338,.453,.791,123,153,4,3,0,1,1,*8/DH,roberlu01
675,David Robertson,37,TOT,NL,2,1,1,0,0,0,0,0,0,0,0,0,1,.000,.000,.000,.000,-100,0,0,0,0,0,0,1,roberda08
676,David Robertson,37,CHC,NL,2,1,1,0,0,0,0,0,0,0,0,0,1,.000,.000,.000,.000,-100,0,0,0,0,0,0,1,roberda08
677,Kramer Robertson,27,STL,NL,2,1,1,0,0,0,0,0,1,0,0,0,0,.000,.000,.000,.000,-100,0,0,0,0,0,0,/HD6,roberkr01
678,Victor Robles,25,WSN,NL,103,314,281,38,64,9,1,4,28,13,1,15,80,.228,.288,.310,.597,74,87,3,9,8,1,0,*8/HD,roblevi01
679,Brendan Rodgers,25,COL,NL,109,471,430,60,123,26,2,11,58,0,0,34,78,.286,.338,.433,.770,106,186,21,2,0,5,0,*4,rodgebr02
680,Joely Rodriguez*,30,NYM,NL,1,0,0,0,0,0,0,0,0,0,0,0,0,,,,,,0,0,0,0,0,0,1,rodrijo06
681,Julio Rodriguez,21,SEA,AL,104,441,404,62,109,19,3,19,62,22,6,29,119,.270,.329,.473,.802,133,191,6,7,0,1,3,*8/H,rodriju01
682,Taylor Rogers*,31,TOT,NL,1,0,0,0,0,0,0,0,0,0,0,0,0,,,,,,0,0,0,0,0,0,1,rogerta01
683,Taylor Rogers*,31,SDP,NL,1,0,0,0,0,0,0,0,0,0,0,0,0,,,,,,0,0,0,0,0,0,1,rogerta01
684,Jose Rojas*,29,LAA,AL,18,49,48,1,5,2,0,0,1,0,0,0,15,.104,.122,.146,.268,-24,7,1,1,0,0,0,/59H7,rojasjo02
685,Josh Rojas*,28,ARI,NL,89,364,319,50,92,19,1,7,38,17,1,37,68,.288,.360,.420,.780,121,134,2,1,3,4,2,5/4HD,rojasjo01
686,Miguel Rojas,33,MIA,NL,106,394,363,31,85,14,2,6,29,9,2,23,47,.234,.285,.333,.618,74,121,9,4,1,3,1,*6/3H,rojasmi02
687,JoJo Romero*,25,TOT,NL,1,0,0,0,0,0,0,0,0,0,0,0,0,,,,,,0,0,0,0,0,0,/1,romerjo01
688,JoJo Romero*,25,PHI,NL,1,0,0,0,0,0,0,0,0,0,0,0,0,,,,,,0,0,0,0,0,0,/1,romerjo01
689,Austin Romine,33,TOT,MLB,21,58,55,5,11,3,0,0,4,0,0,2,16,.200,.228,.255,.483,36,14,0,0,1,0,0,2/DH,rominau01
690,Austin Romine,33,TOT,NL,18,49,47,5,9,3,0,0,4,0,0,2,13,.191,.224,.255,.480,35,12,0,0,0,0,0,2/DH,rominau01
691,Austin Romine,33,LAA,AL,3,9,8,0,2,0,0,0,0,0,0,0,3,.250,.250,.250,.500,43,2,0,0,1,0,0,/2,rominau01
692,Austin Romine,33,STL,NL,11,28,26,2,4,1,0,0,0,0,0,2,7,.154,.214,.192,.407,20,5,0,0,0,0,0,2/DH,rominau01
693,Austin Romine,33,CIN,NL,7,21,21,3,5,2,0,0,4,0,0,0,6,.238,.238,.333,.571,53,7,0,0,0,0,0,/2,rominau01
694,Brent Rooker,27,TOT,MLB,8,22,19,1,2,1,0,0,1,0,0,2,7,.105,.227,.158,.385,13,3,2,1,0,0,0,/7DH,rookebr01
695,Brent Rooker,27,SDP,NL,2,7,7,0,0,0,0,0,0,0,0,0,4,.000,.000,.000,.000,-100,0,0,0,0,0,0,/7,rookebr01
696,Brent Rooker,27,KCR,AL,6,15,12,1,2,1,0,0,1,0,0,2,3,.167,.333,.250,.583,70,3,2,1,0,0,0,/7DH,rookebr01
697,Amed Rosario,26,CLE,AL,114,496,469,69,133,21,7,8,51,11,3,22,75,.284,.319,.409,.728,109,192,14,3,0,2,0,*6/7DH,rosaram01
698,Eddie Rosario*,30,ATL,NL,52,179,165,17,31,7,1,4,18,3,0,12,46,.188,.240,.315,.555,52,52,3,0,0,2,0,79/HD,rosared01
699,Darin Ruf,35,TOT,NL,100,342,293,49,64,12,0,11,44,2,0,42,92,.218,.325,.372,.697,97,109,9,5,0,2,0,3D7H/91,rufda01
700,Darin Ruf,35,SFG,NL,90,314,268,46,58,9,0,11,38,2,0,40,85,.216,.328,.373,.701,98,100,8,5,0,1,0,37DH/9,rufda01
701,Darin Ruf,35,NYM,NL,10,28,25,3,6,3,0,0,6,0,0,2,7,.240,.286,.360,.646,83,9,1,0,0,1,0,/DH371,rufda01
702,Esteury Ruiz,23,SDP,NL,14,27,27,1,6,1,1,0,2,1,2,0,5,.222,.222,.333,.556,59,9,0,0,0,0,0,/987H,ruizes01
703,Keibert Ruiz#,23,WSN,NL,98,385,349,28,85,19,0,6,32,6,1,27,48,.244,.307,.350,.657,91,122,8,6,1,2,0,*2H/D,ruizke01
704,Adley Rutschman#,24,BAL,AL,72,298,251,47,65,24,1,8,25,2,0,40,52,.259,.366,.458,.824,134,115,2,4,0,3,0,2D/H,rutscad01
705,Gary Sanchez,29,MIN,AL,87,334,302,31,66,19,0,11,42,2,0,26,91,.219,.287,.391,.678,95,118,7,4,0,2,0,2D/H3,sanchga02
706,Jesus Sanchez*,24,MIA,NL,93,325,297,36,61,12,3,12,33,1,0,24,86,.205,.271,.387,.658,83,115,7,3,0,1,0,*8/7H9,sanchje02
707,Yolmer Sanchez#,30,TOT,MLB,15,44,37,1,4,0,0,0,2,0,2,5,13,.108,.214,.108,.322,-6,4,0,0,2,0,0,4/16,sanchca01
708,Yolmer Sanchez#,30,NYM,NL,1,0,0,0,0,0,0,0,0,0,0,0,0,,,,,,0,0,0,0,0,0,/6,sanchca01
709,Yolmer Sanchez#,30,BOS,AL,14,44,37,1,4,0,0,0,2,0,2,5,13,.108,.214,.108,.322,-6,4,0,0,2,0,0,4/1,sanchca01
710,Reiver Sanmartin*,26,CIN,NL,1,2,2,0,0,0,0,0,0,0,0,0,1,.000,.000,.000,.000,-100,0,0,0,0,0,0,1,sanmare01
711,Miguel Sano,29,MIN,AL,20,71,60,1,5,0,0,1,3,1,0,9,25,.083,.211,.133,.345,3,8,0,1,0,1,0,3/D,sanomi01
712,Carlos Santana#,36,TOT,AL,93,364,305,32,60,14,0,11,41,0,0,55,53,.197,.321,.351,.672,94,107,6,2,0,2,2,3D/H,santaca01
713,Carlos Santana#,36,KCR,AL,52,212,176,17,38,10,0,4,21,0,0,36,28,.216,.349,.341,.690,98,60,1,0,0,0,1,3D/H,santaca01
714,Carlos Santana#,36,SEA,AL,41,152,129,15,22,4,0,7,20,0,0,19,25,.171,.283,.364,.647,89,47,5,2,0,2,1,3D/H,santaca01
715,Anthony Santander#,27,BAL,AL,112,477,420,57,108,19,0,21,66,0,2,41,87,.257,.338,.452,.790,123,190,8,12,0,4,1,*97D/H,santaan02
716,Clarke Schmidt,26,NYY,AL,1,0,0,0,0,0,0,0,0,0,0,0,0,,,,,,0,0,0,0,0,0,1,schmicl01
717,Jonathan Schoop,30,DET,AL,115,447,425,40,86,20,1,9,34,5,0,15,99,.202,.235,.318,.553,59,135,13,4,0,3,1,*4/3DH,schoojo01
718,Max Schrock*,27,CIN,NL,13,27,26,1,4,0,0,0,1,0,0,1,6,.154,.185,.154,.339,-7,4,0,0,0,0,0,/H947D1,schroma01
719,Kyle Schwarber*,29,PHI,NL,114,488,423,73,90,17,1,34,71,6,1,60,149,.213,.314,.499,.812,124,211,9,3,0,2,3,*7D/H,schwaky01
720,Frank Schwindel,30,CHC,NL,75,292,271,23,62,11,0,8,36,0,0,19,58,.229,.277,.358,.635,77,97,12,0,0,2,1,3D/H1,schwifr01
721,Tanner Scott,27,MIA,NL,2,0,0,0,0,0,0,0,0,0,0,0,0,,,,,,0,0,0,0,0,0,1,scottta01
722,Corey Seager*,28,TEX,AL,114,502,445,66,112,15,1,26,61,3,0,46,77,.252,.327,.465,.792,126,207,7,6,0,5,7,*6/D,seageco01
723,Jean Segura,32,PHI,NL,58,233,216,27,62,5,0,7,21,11,1,13,33,.287,.335,.407,.742,108,88,8,3,0,1,1,4/H,segurje01
724,Marcus Semien,31,TEX,AL,119,536,483,68,112,19,3,18,58,19,4,42,85,.232,.293,.395,.688,97,191,6,3,0,8,0,*46,semiema01
725,Nick Senzel,27,CIN,NL,86,328,292,38,71,11,0,4,21,6,3,20,64,.243,.302,.322,.624,69,94,6,5,1,1,0,*8/HD5,senzeni01
726,Brian Serven,27,COL,NL,46,149,136,16,31,3,1,5,13,0,0,11,30,.228,.291,.375,.666,78,51,4,1,1,0,0,2/H3D1,servebr01
727,Anderson Severino*,27,CHW,AL,1,0,0,0,0,0,0,0,0,0,0,0,0,,,,,,0,0,0,0,0,0,/1,severan01
728,Pedro Severino,28,MIL,NL,8,21,18,0,4,2,0,0,1,0,0,3,7,.222,.333,.333,.667,90,6,0,0,0,0,0,/2H3D,severpe01
729,Paul Sewald,32,SEA,AL,3,0,0,0,0,0,0,0,0,0,0,0,0,,,,,,0,0,0,0,0,0,1,sewalpa01
730,Bryan Shaw#,34,CLE,AL,1,0,0,0,0,0,0,0,0,0,0,0,0,,,,,,0,0,0,0,0,0,1,shawbr01
731,Travis Shaw*,32,BOS,AL,7,19,19,0,0,0,0,0,0,0,0,0,7,.000,.000,.000,.000,-100,0,0,0,0,0,0,/3DH,shawtr01
732,Gavin Sheets*,26,CHW,AL,87,288,267,20,64,16,0,9,30,0,0,17,59,.240,.292,.401,.692,95,107,7,3,0,1,0,9DH3/7,sheetga01
733,Zack Short,27,DET,AL,2,4,3,2,0,0,0,0,0,1,0,1,2,.000,.250,.000,.250,-18,0,0,0,0,0,0,/DH6,shortza01
734,Chasen Shreve*,31,NYM,NL,1,0,0,0,0,0,0,0,0,0,0,0,0,,,,,,0,0,0,0,0,0,1,shrevch01
735,Magneuris Sierra*,26,LAA,AL,23,63,61,5,12,1,2,0,4,4,1,2,12,.197,.222,.279,.501,42,17,0,0,0,0,0,8/7H9,sierrma01
736,Andrelton Simmons,32,CHC,NL,34,85,75,8,13,1,0,0,7,4,0,7,13,.173,.244,.187,.431,23,14,5,0,3,0,0,46/DH1,simmoan01
737,Jose Siri,26,TOT,AL,64,202,187,29,35,7,2,3,12,9,1,12,72,.187,.243,.294,.537,54,55,2,2,0,1,0,8/H97D,sirijo01
738,Jose Siri,26,HOU,AL,48,147,135,18,24,4,2,3,10,6,1,9,48,.178,.238,.304,.542,54,41,2,2,0,1,0,8/H97D,sirijo01
739,Jose Siri,26,TBR,AL,16,55,52,11,11,3,0,0,2,3,0,3,24,.212,.255,.269,.524,55,14,0,0,0,0,0,8,sirijo01
740,Austin Slater,29,SFG,NL,98,264,225,40,60,10,2,5,28,11,0,33,73,.267,.371,.396,.767,118,89,6,5,0,1,0,*8H97/D,slateau01
741,Dominic Smith*,27,NYM,NL,58,152,134,11,26,10,1,0,17,0,0,12,37,.194,.276,.284,.560,61,38,0,4,0,2,0,3DH,smithdo02
742,Josh Smith*,24,TEX,AL,50,176,147,18,32,4,0,1,12,3,2,21,33,.218,.331,.265,.597,76,39,1,5,1,2,0,57/HD4,smithjo11
743,Kevin Smith,25,OAK,AL,47,151,139,9,25,9,1,2,13,4,0,7,42,.180,.216,.302,.518,51,42,5,0,3,2,0,56/H,smithke05
744,Pavin Smith*,26,ARI,NL,65,241,213,20,44,6,0,9,31,1,0,25,63,.207,.290,.362,.652,84,77,1,1,0,2,1,9D/3H,smithpa04
745,Will Smith,27,LAD,NL,102,428,371,52,100,20,1,18,70,1,0,46,67,.270,.357,.474,.832,128,176,6,7,0,4,2,*2D/H,smithwi05
746,Canaan Smith-Njigba*,23,PIT,NL,3,7,5,1,1,1,0,0,0,0,0,1,0,.200,.429,.400,.829,136,2,0,1,0,0,0,/7H,smithca05
747,Collin Snider,26,KCR,AL,2,0,0,0,0,0,0,0,0,0,0,0,0,,,,,,0,0,0,0,0,0,1,snideco01
748,Nick Solak,27,TEX,AL,33,88,77,12,16,1,0,3,4,3,2,6,18,.208,.299,.338,.637,84,26,1,4,1,0,0,7D/H4,solakni01
749,Donovan Solano,34,CIN,NL,44,168,150,17,48,9,0,3,17,0,0,12,36,.320,.381,.440,.821,122,66,3,4,0,2,0,D5/4H,solando01
750,Jorge Soler,30,MIA,NL,72,306,270,32,56,13,0,13,34,0,2,31,90,.207,.295,.400,.695,94,108,9,3,0,1,1,7D/H,solerjo01
751,Edmundo Sosa,26,TOT,NL,65,155,143,18,28,6,3,0,12,5,1,4,42,.196,.253,.280,.533,54,40,3,7,1,0,0,6H5/D47,sosaed01
752,Edmundo Sosa,26,STL,NL,53,131,122,17,23,4,3,0,8,3,1,4,38,.189,.244,.270,.515,50,33,3,5,0,0,0,6H5/D4,sosaed01
753,Edmundo Sosa,26,PHI,NL,12,24,21,1,5,2,0,0,4,2,0,0,4,.238,.304,.333,.638,80,7,0,2,1,0,0,/H65D7,sosaed01
754,Lenyn Sosa,22,CHW,AL,11,36,35,3,4,1,0,1,1,0,0,1,12,.114,.139,.229,.367,2,8,2,0,0,0,0,/46DH,sosale01
755,Juan Soto*,23,TOT,NL,118,513,401,76,102,20,2,23,50,6,2,108,72,.254,.416,.486,.902,161,195,12,3,0,0,4,*9/DH,sotoju01
756,Juan Soto*,23,WSN,NL,101,436,342,62,84,17,1,21,46,6,2,91,62,.246,.408,.485,.894,159,166,11,3,0,0,4,*9/DH,sotoju01
757,Juan Soto*,23,SDP,NL,17,77,59,14,18,3,1,2,4,0,0,17,10,.305,.461,.492,.952,177,29,1,0,0,0,0,9,sotoju01
758,Steven Souza Jr.,33,SEA,AL,6,19,19,0,3,0,0,0,1,0,0,0,8,.158,.158,.158,.316,-6,3,2,0,0,0,0,/9D,souzast01
759,Cory Spangenberg*,31,STL,NL,1,0,0,0,0,0,0,0,0,0,0,0,0,,,,,,0,0,0,0,0,0,/5,spangco01
760,George Springer,32,TOR,AL,93,401,352,64,94,16,2,18,51,10,1,37,73,.267,.343,.477,.821,132,168,3,6,0,4,1,8D9/H,springe01
761,Jacob Stallings,32,MIA,NL,91,296,270,23,60,10,0,3,28,0,1,20,66,.222,.285,.293,.577,64,79,13,4,1,1,0,*2/HD,stallja01
762,Giancarlo Stanton,32,NYY,AL,80,328,289,40,66,6,0,24,61,0,0,35,93,.228,.309,.498,.807,128,144,6,0,0,3,2,D9/H7,stantmi03
763,Max Stassi,31,LAA,AL,80,298,263,25,52,10,1,7,24,0,0,33,87,.198,.289,.323,.612,74,85,11,1,0,1,0,2/HD,stassma01
764,Josh Staumont,28,KCR,AL,2,0,0,0,0,0,0,0,0,0,0,0,0,,,,,,0,0,0,0,0,0,1,staumjo01
765,Drew Steckenrider,31,SEA,AL,1,0,0,0,0,0,0,0,0,0,0,0,0,,,,,,0,0,0,0,0,0,1,steckdr01
766,Michael Stefanic,26,LAA,AL,16,48,42,4,7,1,0,0,0,0,0,4,9,.167,.271,.190,.461,35,8,1,2,0,0,0,4/H,stefami01
767,Jackson Stephens,28,ATL,NL,1,0,0,0,0,0,0,0,0,0,0,0,0,,,,,,0,0,0,0,0,0,1,stephja01
768,Tyler Stephenson,25,CIN,NL,50,183,166,24,53,9,0,6,35,1,0,12,47,.319,.372,.482,.854,129,80,4,3,0,2,0,2/DH3,stephty01
769,Cal Stevenson*,25,OAK,AL,10,33,26,3,5,2,0,0,0,1,1,5,12,.192,.323,.269,.592,77,7,0,0,2,0,0,8/H,steveca01
770,DJ Stewart*,28,BAL,AL,3,3,3,0,0,0,0,0,0,0,0,0,2,.000,.000,.000,.000,-100,0,0,0,0,0,0,/H,stewadj01
771,Trevor Story,29,BOS,AL,81,342,307,49,68,17,0,15,58,10,0,28,105,.221,.289,.423,.713,96,130,7,3,0,4,4,*4/H,storytr01
772,Bryson Stott*,24,PHI,NL,89,322,297,38,66,11,2,7,37,6,2,24,55,.222,.283,.343,.626,75,102,3,1,0,0,0,46/H5,stottbr01
773,Kyle Stowers*,24,BAL,AL,4,15,14,1,3,1,0,0,3,0,0,0,5,.214,.267,.286,.552,58,4,0,1,0,0,0,/7H9,stoweky01
774,Dee Strange-Gordon*,34,WSN,NL,22,59,59,6,18,1,1,0,2,3,2,0,8,.305,.305,.356,.661,92,21,1,0,0,0,0,6/87HD1,gordode01
775,Myles Straw,27,CLE,AL,114,459,410,57,83,18,2,0,23,15,1,44,67,.202,.279,.256,.536,57,105,4,1,1,3,0,*8/H,strawmy01
776,Garrett Stubbs*,29,PHI,NL,35,94,83,17,24,3,1,5,14,2,0,10,21,.289,.366,.530,.896,148,44,1,0,1,0,0,2/HD17,stubbga01
777,Eugenio Suarez,30,SEA,AL,120,507,434,59,99,21,2,22,69,0,0,61,160,.228,.331,.438,.769,124,190,10,8,0,4,0,*5D/H,suareeu01
778,Jack Suwinski*,23,PIT,NL,72,250,222,33,44,9,0,14,25,2,2,24,76,.198,.288,.428,.716,98,95,4,4,0,0,1,798/HD,suwinja01
779,Kurt Suzuki,38,LAA,AL,43,138,123,9,23,4,0,3,13,0,0,12,28,.187,.261,.293,.554,57,36,3,1,0,2,0,2/H3D,suzukku01
780,Seiya Suzuki,27,CHC,NL,79,321,286,37,69,17,1,9,37,7,3,29,85,.241,.315,.402,.717,99,115,6,3,0,3,2,9/HD,suzukse01
781,Travis Swaggerty*,24,PIT,NL,5,9,9,0,1,0,0,0,0,0,0,0,4,.111,.111,.111,.222,-37,1,0,0,0,0,0,/7H8D,swaggtr01
782,Dansby Swanson,28,ATL,NL,122,520,475,79,139,27,1,16,68,16,6,39,136,.293,.348,.455,.803,120,216,6,3,0,3,0,*6,swansda01
783,Raimel Tapia*,28,TOR,AL,95,318,302,32,82,17,1,5,38,5,1,10,58,.272,.294,.384,.678,93,116,10,0,3,1,0,*789/HD,tapiara01
784,Leody Taveras#,23,TEX,AL,59,203,186,24,55,12,2,3,27,7,4,14,52,.296,.340,.430,.770,121,80,2,0,0,3,0,8/HD,taverle01
785,Chris Taylor,31,LAD,NL,86,331,293,35,67,21,3,8,31,7,1,34,120,.229,.311,.403,.714,96,118,4,2,0,2,2,*79/8H45D,tayloch03
786,Michael A. Taylor,31,KCR,AL,93,336,304,35,81,7,2,6,30,1,1,28,84,.266,.328,.362,.690,97,110,4,1,1,2,0,*8/HD1,taylomi02
787,Tyrone Taylor,28,MIL,NL,87,313,289,32,64,15,2,12,40,1,1,17,80,.221,.275,.412,.687,91,119,9,5,0,2,0,*89/7HD,tayloty01
788,Rowdy Tellez*,27,MIL,NL,113,443,391,47,92,21,0,25,73,1,0,46,87,.235,.323,.481,.804,124,188,17,5,0,1,9,*3H/D,tellero01
789,Matt Thaiss*,27,LAA,AL,2,2,2,0,0,0,0,0,0,0,0,0,1,.000,.000,.000,.000,-100,0,1,0,0,0,0,/2H,thaisma01
790,Alek Thomas*,22,ARI,NL,88,327,303,36,73,13,1,8,31,4,3,20,61,.241,.294,.370,.663,87,112,6,3,0,1,0,*8/H,thomaal01
791,Dillon Thomas*,29,LAA,AL,8,14,11,1,1,0,0,0,0,0,0,2,6,.091,.286,.091,.377,14,1,0,1,0,0,0,/79H,thomadi01
792,Lane Thomas,26,WSN,NL,107,375,346,41,82,19,1,12,38,4,3,22,92,.237,.285,.402,.687,97,139,7,3,0,4,0,*789H/D,thomala02
793,Bubba Thompson,24,TEX,AL,15,57,52,2,13,1,0,0,5,5,0,2,17,.250,.304,.269,.573,68,14,0,2,1,0,0,7/89,thompbu01
794,Trayce Thompson,31,TOT,NL,49,146,128,19,33,10,1,5,23,2,1,17,52,.258,.349,.469,.818,125,60,0,1,0,0,0,79H/8D,thomptr01
795,Trayce Thompson,31,SDP,NL,6,16,14,1,1,0,0,0,2,0,1,2,7,.071,.188,.071,.259,-20,1,0,0,0,0,0,/9H7,thomptr01
796,Trayce Thompson,31,LAD,NL,43,130,114,18,32,10,1,5,21,2,0,15,45,.281,.369,.518,.887,142,59,0,1,0,0,0,79/8HD,thomptr01
797,Ka'ai Tom*,28,SFG,NL,1,1,1,0,0,0,0,0,0,0,0,0,0,.000,.000,.000,.000,-100,0,0,0,0,0,0,/H9,tomka01
798,Spencer Torkelson,22,DET,AL,83,298,264,25,52,11,0,5,21,0,1,29,76,.197,.282,.295,.577,68,78,9,3,0,2,0,*3/H,torkesp01
799,Abraham Toro#,25,SEA,AL,84,285,261,30,47,11,1,8,26,1,0,20,47,.180,.239,.322,.560,63,84,3,1,0,3,1,4D5H/39,toroab01
800,Luis Torrens,26,SEA,AL,45,141,131,9,28,2,0,1,10,0,0,8,45,.214,.262,.252,.514,53,33,5,1,0,1,0,2/DH41,torrelu01
801,Gleyber Torres,25,NYY,AL,109,433,401,54,99,21,1,18,50,5,4,26,94,.247,.296,.439,.735,108,176,10,3,1,2,1,*4/HD6,torregl01
802,Taylor Trammell*,24,SEA,AL,32,94,81,14,19,9,0,3,9,2,1,11,24,.235,.323,.457,.779,126,37,1,0,1,1,0,9/8HD,trammta01
803,Alan Trejo,26,COL,NL,11,40,39,6,9,1,0,1,6,0,0,1,9,.231,.250,.333,.583,56,13,1,0,0,0,0,/465H,trejoal01
804,Jose Trevino,29,NYY,AL,87,264,250,32,67,9,1,10,36,2,1,12,45,.268,.303,.432,.735,109,108,3,1,0,1,0,*2/H,trevijo01
805,Chadwick Tromp,27,ATL,NL,1,4,4,0,3,2,0,0,3,0,0,0,0,.750,.750,1.250,2.000,441,5,0,0,0,0,0,/2,trompch01
806,Mike Trout,30,LAA,AL,81,334,290,55,77,17,2,24,51,1,0,39,100,.266,.362,.586,.948,164,170,3,5,0,0,6,8/DH,troutmi01
807,Yoshi Tsutsugo*,30,PIT,NL,50,193,170,11,29,4,0,2,19,0,0,19,50,.171,.249,.229,.478,36,39,3,0,0,4,0,3D/H,tsutsyo01
808,Cole Tucker#,25,PIT,NL,18,63,63,3,11,1,1,0,2,1,0,0,25,.175,.175,.222,.397,11,14,1,0,0,0,0,9/46H,tuckeco01
809,Kyle Tucker*,25,HOU,AL,112,456,403,54,104,20,1,22,81,18,2,50,72,.258,.338,.476,.815,131,192,5,0,0,2,2,*9/DH,tuckeky01
810,Justin Turner,37,LAD,NL,96,397,349,45,89,24,0,9,61,2,0,37,66,.255,.327,.401,.729,101,140,11,4,0,7,1,5D/H,turneju01
811,Trea Turner,29,LAD,NL,119,525,485,74,148,31,2,18,83,20,2,30,97,.305,.344,.489,.833,127,237,9,2,0,6,1,*6,turnetr01
812,Justin Upton,34,SEA,AL,17,57,48,2,6,1,0,1,3,0,0,6,23,.125,.263,.208,.471,42,10,1,3,0,0,0,D/97H,uptonju01
813,Luis Urias,25,MIL,NL,87,364,313,42,69,10,1,13,39,1,2,40,81,.220,.319,.383,.702,98,120,5,7,0,4,0,546,uriaslu01
814,Ramon Urias,28,BAL,AL,89,340,314,41,79,15,0,13,44,1,0,17,73,.252,.293,.424,.716,102,133,5,3,2,4,1,54/6HD,uriasra01
815,Gio Urshela,30,MIN,AL,100,372,343,41,92,19,2,11,49,0,0,23,62,.268,.309,.431,.741,112,148,16,0,0,6,1,*5/HD6,urshegi01
816,Josh VanMeter*,27,PIT,NL,64,181,160,15,30,4,2,3,12,4,0,19,41,.188,.271,.294,.564,59,47,3,0,0,2,0,43H/152D9,vanmejo01
817,Ildemaro Vargas#,30,TOT,NL,25,81,73,8,20,2,1,2,8,1,0,5,9,.274,.333,.411,.744,113,30,2,2,0,1,0,56/4H,vargail01
818,Ildemaro Vargas#,30,CHC,NL,10,26,23,4,3,0,1,1,4,0,0,3,2,.130,.231,.348,.579,59,8,1,0,0,0,0,/64H,vargail01
819,Ildemaro Vargas#,30,WSN,NL,15,55,50,4,17,2,0,1,4,1,0,2,7,.340,.382,.440,.822,138,22,1,2,0,1,0,5/6,vargail01
820,Miguel Vargas,22,LAD,NL,2,8,8,0,2,1,0,0,2,1,0,0,1,.250,.250,.375,.625,70,3,0,0,0,0,0,/D3,vargami01
821,Daulton Varsho*,25,ARI,NL,111,443,395,54,93,18,3,16,56,8,5,37,103,.235,.306,.418,.724,103,165,6,5,2,4,0,982D/H,varshda01
822,Andrew Vaughn,24,CHW,AL,97,410,376,47,110,22,1,13,58,0,0,22,66,.293,.341,.460,.802,126,173,9,8,0,4,0,9D73/H4,vaughan01
823,Terrin Vavra*,25,BAL,AL,18,48,39,8,11,1,1,0,7,0,1,7,9,.282,.375,.359,.734,112,14,1,0,0,2,0,/DH749,vavrate01
824,Christian Vazquez,31,TOT,AL,96,351,326,37,94,20,0,8,45,1,2,19,56,.288,.330,.423,.754,110,138,7,3,0,3,0,*2/3H4,vazquch01
825,Christian Vazquez,31,BOS,AL,84,318,294,33,83,20,0,8,42,1,2,18,51,.282,.327,.432,.759,110,127,7,3,0,3,0,2/3H4,vazquch01
826,Christian Vazquez,31,HOU,AL,12,33,32,4,11,0,0,0,3,0,0,1,5,.344,.364,.344,.707,105,11,0,0,0,0,0,/2H,vazquch01
827,Andrew Velazquez#,27,LAA,AL,105,292,267,31,49,7,0,6,23,13,1,13,98,.184,.227,.277,.504,43,74,3,3,6,3,0,*6/H,velazan01
828,Nelson Velázquez,23,CHC,NL,47,126,115,16,27,4,1,6,18,3,1,11,39,.235,.302,.443,.745,106,51,3,0,0,0,0,8H97/D,velazne01
829,Alex Verdugo*,26,BOS,AL,114,476,440,51,125,30,0,7,58,1,2,29,53,.284,.330,.400,.730,103,176,12,3,0,4,2,*79/DH,verdual01
830,Matt Vierling,25,PHI,NL,80,241,216,26,47,7,0,4,18,6,4,19,53,.218,.282,.306,.588,66,66,7,2,0,4,0,879H/543D,vierlma01
831,David Villar,25,SFG,NL,23,80,63,8,11,2,1,1,7,0,0,13,28,.175,.338,.286,.623,79,18,1,3,0,1,0,5/43DH,villada01
832,Jonathan Villar#,31,TOT,MLB,59,220,202,25,42,6,2,3,18,7,0,15,59,.208,.260,.302,.562,58,61,4,0,1,2,0,45/H6D,villajo01
833,Jonathan Villar#,31,CHC,NL,46,166,153,19,34,6,2,2,15,6,0,11,42,.222,.271,.327,.598,67,50,3,0,0,2,0,45/H6D,villajo01
834,Jonathan Villar#,31,LAA,AL,13,54,49,6,8,0,0,1,3,1,0,4,17,.163,.226,.224,.451,29,11,1,0,1,0,0,5,villajo01
835,Meibrys Viloria*,25,TEX,AL,22,63,51,10,10,1,0,2,5,0,0,11,24,.196,.333,.333,.667,94,17,0,0,0,1,0,2/HD,vilorme01
836,Daniel Vogelbach*,29,TOT,NL,99,361,304,37,72,16,1,15,46,0,0,55,91,.237,.355,.444,.799,124,135,9,1,0,1,1,*DH/3,vogelda01
837,Daniel Vogelbach*,29,PIT,NL,75,278,237,29,54,10,1,12,34,0,0,40,67,.228,.338,.430,.769,115,102,8,0,0,1,1,DH/3,vogelda01
838,Daniel Vogelbach*,29,NYM,NL,24,83,67,8,18,6,0,3,12,0,0,15,24,.269,.410,.493,.902,156,33,1,1,0,0,0,D/H,vogelda01
839,Stephen Vogt*,37,OAK,AL,43,128,110,11,16,1,0,5,12,1,0,14,30,.145,.242,.291,.533,56,32,3,1,0,3,0,D2H/3,vogtst01
840,Luke Voit,31,TOT,NL,96,402,348,44,78,18,0,16,53,1,1,44,132,.224,.318,.414,.732,111,144,5,6,0,4,1,D3/H,voitlu01
841,Luke Voit,31,SDP,NL,82,344,298,38,67,18,0,13,48,1,1,39,110,.225,.317,.416,.733,111,124,5,3,0,4,1,D3/H,voitlu01
842,Luke Voit,31,WSN,NL,14,58,50,6,11,0,0,3,5,0,0,5,22,.220,.328,.400,.728,110,20,0,3,0,0,0,3/D,voitlu01
843,Jason Vosler*,28,SFG,NL,23,74,66,10,19,4,0,4,10,1,1,7,19,.288,.351,.530,.882,145,35,1,0,0,1,1,5/H346,vosleja01
844,Joey Votto*,38,CIN,NL,91,376,322,31,66,18,1,11,41,0,0,44,97,.205,.319,.370,.689,86,119,8,10,0,0,0,3D/H,vottojo01
845,LaMonte Wade Jr.*,28,SFG,NL,46,141,120,15,22,4,1,8,22,0,0,16,28,.183,.293,.433,.726,102,52,0,3,1,1,0,9D7/3H8,wadela01
846,Tyler Wade*,27,LAA,AL,67,163,147,22,32,5,0,1,8,8,5,10,33,.218,.272,.272,.544,56,40,3,1,5,0,0,465H/798D,wadety01
847,Christian Walker,31,ARI,NL,118,489,419,59,92,17,1,29,70,0,2,58,94,.220,.319,.473,.792,121,198,10,6,0,6,2,*3D,walkech02
848,Steele Walker*,25,TEX,AL,5,16,14,1,1,0,0,1,1,0,0,2,4,.071,.188,.286,.473,34,4,0,0,0,0,0,/7H9,walkest01
849,Chad Wallach,30,LAA,AL,10,36,32,3,5,1,0,1,4,0,0,3,7,.156,.229,.281,.510,44,9,1,0,1,0,0,2,wallach01
850,Taylor Walls#,25,TBR,AL,106,357,313,39,56,15,2,6,22,7,3,40,91,.179,.275,.297,.572,69,93,5,2,1,1,0,654/HD,wallsta01
851,Jared Walsh*,28,LAA,AL,114,439,411,40,91,18,2,15,44,2,1,24,131,.221,.271,.384,.655,84,158,6,4,0,0,4,*3/H7,walshja01
852,Donovan Walton*,28,TOT,MLB,25,78,76,9,12,8,0,1,8,0,0,1,16,.158,.179,.303,.482,33,23,1,1,0,0,0,46/H51,waltodo01
853,Donovan Walton*,28,SEA,AL,1,0,0,1,0,0,0,0,0,0,0,0,0,,,,,,0,0,0,0,0,0,/5H,waltodo01
854,Donovan Walton*,28,SFG,NL,24,78,76,8,12,8,0,1,8,0,0,1,16,.158,.179,.303,.482,33,23,1,1,0,0,0,46/H1,waltodo01
855,Taylor Ward,28,LAA,AL,96,406,351,53,91,13,2,16,44,3,3,48,95,.259,.352,.444,.797,125,156,3,4,0,3,0,*9/8H5D7,wardta01
856,Luke Weaver,28,TOT,MLB,1,0,0,0,0,0,0,0,0,0,0,0,0,,,,,,0,0,0,0,0,0,1/DH,weavelu01
857,Luke Weaver,28,ARI,NL,1,0,0,0,0,0,0,0,0,0,0,0,0,,,,,,0,0,0,0,0,0,1/DH,weavelu01
858,J.B. Wendelken,29,ARI,NL,1,0,0,0,0,0,0,0,0,0,0,0,0,,,,,,0,0,0,0,0,0,1,wendejb01
859,Joey Wendle*,32,MIA,NL,71,260,242,17,63,15,1,2,24,9,1,11,34,.260,.300,.355,.655,85,86,3,4,0,3,0,546/HD,wendljo01
860,Eli White,28,TEX,AL,47,117,105,16,21,2,0,3,10,12,1,11,41,.200,.274,.305,.578,67,32,0,0,0,1,0,87/HD9,whiteel04
861,Aaron Whitefield,25,LAA,AL,5,11,11,0,0,0,0,0,0,0,0,0,5,.000,.000,.000,.000,-100,0,0,0,0,0,0,/987H,whiteaa01
862,Luke Williams,25,TOT,NL,58,109,101,17,25,4,1,1,6,10,3,8,32,.248,.303,.337,.639,81,34,0,0,0,0,1,57H4/D,willilu01
863,Luke Williams,25,SFG,NL,8,12,12,1,3,1,0,0,3,0,0,0,4,.250,.250,.333,.583,63,4,0,0,0,0,0,/5H7,willilu01
864,Luke Williams,25,MIA,NL,50,97,89,16,22,3,1,1,3,10,3,8,28,.247,.309,.337,.646,83,30,0,0,0,0,1,75H4/D,willilu01
865,Trevor Williams,30,NYM,NL,2,0,0,0,0,0,0,0,0,0,0,0,0,,,,,,0,0,0,0,0,0,1,willitr01
866,Marcus Wilson,25,SEA,AL,3,6,5,1,1,0,0,0,0,0,0,1,4,.200,.333,.200,.533,63,1,0,0,0,0,0,/H98D,wilsoma02
867,Jesse Winker*,28,SEA,AL,108,450,377,41,85,14,0,13,48,0,0,69,82,.225,.344,.366,.710,110,138,8,1,0,3,1,*7D/H,winkeje01
868,Patrick Wisdom,30,CHC,NL,114,460,401,59,88,24,0,22,58,7,4,50,154,.219,.314,.444,.758,110,178,8,6,1,2,1,*53/7HD89,wisdopa01
869,Bobby Witt,22,KCR,AL,111,459,430,59,107,20,5,16,59,23,4,22,105,.249,.290,.430,.720,101,185,9,4,0,3,1,65/DH,wittbo02
870,Tony Wolters*,30,LAD,NL,2,4,4,0,0,0,0,0,0,0,0,0,3,.000,.000,.000,.000,-100,0,0,0,0,0,0,/42DH,wolteto01
871,Connor Wong,26,BOS,AL,5,9,8,0,2,0,0,0,1,0,0,0,2,.250,.222,.250,.472,32,2,0,0,0,1,0,/24H,wongco01
872,Kolten Wong*,31,MIL,NL,96,367,320,48,77,18,4,8,32,12,4,32,67,.241,.321,.397,.717,102,127,4,8,2,5,1,*4/HD6,wongko01
873,Austin Wynns,31,SFG,NL,40,106,94,9,21,3,0,1,11,0,0,9,22,.223,.295,.287,.582,66,27,6,1,1,1,0,2/DH1,wynnsau01
874,Mike Yastrzemski*,31,SFG,NL,108,407,351,51,73,22,1,12,44,3,1,48,97,.208,.307,.379,.686,93,133,3,4,0,4,0,*98H/D,yastrmi01
875,Christian Yelich*,30,MIL,NL,114,502,429,77,108,18,4,9,38,16,1,66,121,.252,.355,.375,.731,107,161,8,4,1,2,4,*7D/H,yelicch01
876,Juan Yepez,24,STL,NL,62,228,209,24,53,10,0,11,27,0,0,14,53,.254,.298,.459,.758,116,96,1,1,0,4,0,7D93/H,yepezju01
877,Seby Zavala,28,CHW,AL,41,143,129,15,36,9,0,2,18,0,0,9,49,.279,.326,.395,.722,104,51,0,1,2,2,0,2/H3D,zavalse01
878,Bradley Zimmer*,29,TOT,MLB,80,93,82,12,9,5,0,2,3,2,1,5,34,.110,.207,.244,.450,29,20,0,5,1,0,0,8H/D9,zimmebr01
879,Bradley Zimmer*,29,TOR,AL,77,87,76,11,8,4,0,2,3,2,1,5,33,.105,.209,.237,.446,28,18,0,5,1,0,0,8H/D9,zimmebr01
880,Bradley Zimmer*,29,PHI,NL,3,6,6,1,1,1,0,0,0,0,0,0,1,.167,.167,.333,.500,36,2,0,0,0,0,0,/8,zimmebr01
881,Mike Zunino,31,TBR,AL,36,123,115,7,17,3,0,5,16,0,0,6,46,.148,.195,.304,.499,44,35,2,1,0,1,0,2/H,zuninmi01
,LgAvg per 600 PA,,,,166,600,538,69,130,26,2,17,65,8,3,50,135,.242,.311,.392,.703,,211,11,7,1,4,1,,-9999